报告期,报表核心指标,*现金及现金等价物净增加额,*经营活动产生的现金流量净额,*投资活动产生的现金流量净额,*筹资活动产生的现金流量净额,*期末现金及现金等价物余额,报表全部指标,一、经营活动产生的现金流量,销售商品、提供劳务收到的现金,收到的税费与返还,收到其他与经营活动有关的现金,经营活动现金流入小计,购买商品、接受劳务支付的现金,支付给职工以及为职工支付的现金,支付的各项税费,支付其他与经营活动有关的现金,经营活动现金流出小计,经营活动产生的现金流量净额,二、投资活动产生的现金流量,收回投资收到的现金,取得投资收益收到的现金,处置固定资产、无形资产和其他长期资产收回的现金净额,处置子公司及其他营业单位收到的现金净额,收到其他与投资活动有关的现金,投资活动现金流入小计,购建固定资产、无形资产和其他长期资产支付的现金,投资支付的现金,取得子公司及其他营业单位支付的现金净额,支付其他与投资活动有关的现金,投资活动现金流出小计,投资活动产生的现金流量净额,三、筹资活动产生的现金流量,吸收投资收到的现金,其中：子公司吸收少数股东投资收到的现金,取得借款收到的现金,收到其他与筹资活动有关的现金,筹资活动现金流入小计,偿还债务支付的现金,分配股利、利润或偿付利息支付的现金,其中：子公司支付给少数股东的股利、利润,支付其他与筹资活动有关的现金,筹资活动现金流出小计,筹资活动产生的现金流量净额,四、汇率变动对现金及现金等价物的影响,五、现金及现金等价物净增加额,加：期初现金及现金等价物余额,六、期末现金及现金等价物余额,补充资料：,1、将净利润调节为经营活动现金流量：,净利润,加：资产减值准备,固定资产折旧、油气资产折耗、生产性生物资产折旧,无形资产摊销,长期待摊费用摊销,处置固定资产、无形资产和其他长期资产的损失,固定资产报废损失,公允价值变动损失,财务费用,投资损失,递延所得税资产减少,递延所得税负债增加,存货的减少,经营性应收项目的减少,经营性应付项目的增加,其他,间接法-经营活动产生的现金流量净额,2、不涉及现金收支的重大投资和筹资活动：,融资租入固定资产,3、现金及现金等价物净变动情况：,现金的期末余额,减：现金的期初余额,间接法-现金及现金等价物净增加额
2025-09-30,,9760.56万,11.37亿,-7.08亿,-4.27亿,27.74亿,,,98.22亿,1.32亿,3.69亿,103.23亿,58.29亿,19.06亿,5.24亿,9.27亿,91.86亿,11.37亿,,3668.77万,2777.85万,195.40万,2.95亿,4.45亿,8.06亿,6.24亿,1.23亿,628.24万,7.61亿,15.14亿,-7.08亿,,1700.00万,1700.00万,42.09亿,False,42.26亿,42.70亿,3.59亿,1634.25万,2354.28万,46.53亿,-4.27亿,9595.80万,9760.56万,26.76亿,27.74亿,,,False,False,False,False,False,False,False,False,False,False,False,False,False,False,False,False,False,,False,,False,False,False
2025-06-30,,1.16亿,7.10亿,-5.74亿,-1.01亿,27.92亿,,,58.78亿,8082.47万,2.66亿,62.25亿,33.67亿,12.52亿,3.65亿,5.31亿,55.15亿,7.10亿,,3668.77万,1668.29万,201.27万,2.95亿,3.31亿,6.81亿,4.56亿,1.23亿,False,6.76亿,12.55亿,-5.74亿,,1200.00万,1200.00万,26.79亿,False,26.91亿,24.63亿,3.12亿,1634.25万,1641.06万,27.92亿,-1.01亿,8041.86万,1.16亿,26.76亿,27.92亿,,,5.48亿,1374.45万,2.34亿,1.25亿,678.30万,-95.37万,65.47万,-1767.53万,8091.31万,-3510.41万,-1916.26万,1132.86万,9071.75万,-6.67亿,3.00亿,False,7.10亿,,False,,27.92亿,26.76亿,1.16亿
2025-03-31,,-5000.33万,3.04亿,-1.46亿,-2.27亿,26.26亿,,,28.62亿,4134.30万,1.35亿,30.38亿,15.55亿,6.28亿,1.88亿,3.64亿,27.34亿,3.04亿,,3668.77万,1419.40万,23.79万,2.84亿,3.31亿,6.66亿,3.09亿,2070.00万,400.00万,4.79亿,8.12亿,-1.46亿,,700.00万,700.00万,8.05亿,False,8.12亿,9.77亿,6033.83万,False,170.24万,10.39亿,-2.27亿,1870.55万,-5000.33万,26.76亿,26.26亿,,,False,False,False,False,False,False,False,False,False,False,False,False,False,False,False,False,False,,False,,False,False,False
2024-12-31,,2.18亿,15.38亿,-17.05亿,3.93亿,26.76亿,,,134.63亿,1.60亿,3.94亿,140.18亿,82.68亿,25.79亿,6.94亿,9.39亿,124.80亿,15.38亿,,150.00万,759.14万,2870.05万,2.49万,False,3781.69万,12.04亿,1719.86万,455.15万,5.17亿,17.43亿,-17.05亿,,2049.65万,2049.65万,41.37亿,2049.75万,41.78亿,32.83亿,3.85亿,673.59万,1.18亿,37.85亿,3.93亿,-766.26万,2.18亿,24.58亿,26.76亿,,,8.32亿,1.08亿,5.07亿,2.33亿,1055.45万,-1448.44万,586.84万,-1.23亿,2.44亿,-1219.38万,-3569.33万,-1778.96万,-2.43亿,-5.09亿,4.70亿,False,15.38亿,,False,,26.76亿,24.58亿,2.18亿
2024-09-30,,2.54亿,8.29亿,-10.10亿,4.37亿,27.12亿,,,95.54亿,1.14亿,4.83亿,101.52亿,57.32亿,17.42亿,5.71亿,12.78亿,93.23亿,8.29亿,,False,665.76万,2638.28万,False,False,3304.04万,8.39亿,1725.14万,53.20万,1.86亿,10.43亿,-10.10亿,,2000.00万,2000.00万,30.15亿,2020.00万,30.55亿,22.02亿,3.07亿,False,1.10亿,26.18亿,4.37亿,-255.03万,2.54亿,24.58亿,27.12亿,,,False,False,False,False,False,False,False,False,False,False,False,False,False,False,False,False,False,,False,,False,False,False
2024-06-30,,5256.13万,3.54亿,-7.92亿,5.07亿,25.11亿,,,61.82亿,5291.85万,2.73亿,65.08亿,39.38亿,11.57亿,4.18亿,6.42亿,61.54亿,3.54亿,,False,503.50万,1553.21万,False,False,2056.71万,6.26亿,50.00万,53.20万,1.86亿,8.13亿,-7.92亿,,2000.00万,2000.00万,22.49亿,False,22.69亿,15.44亿,1.21亿,False,9661.49万,17.61亿,5.07亿,-1692.03万,5256.13万,24.58亿,25.11亿,,,4.09亿,7061.63万,2.36亿,1.10亿,494.87万,-1584.16万,429.83万,-1213.91万,1.28亿,-1277.03万,-2258.39万,-738.55万,-1.10亿,-5.64亿,1.06亿,False,3.54亿,,False,,25.11亿,24.58亿,5256.13万
2024-03-31,,-2.05亿,-3422.38万,-3.15亿,1.63亿,22.53亿,,,30.10亿,2524.93万,1.38亿,31.74亿,20.37亿,6.16亿,2.16亿,3.39亿,32.08亿,-3422.38万,,False,503.50万,1462.29万,False,False,1965.79万,3.34亿,53.20万,False,False,3.34亿,-3.15亿,,2000.00万,False,9.16亿,False,9.36亿,6.81亿,5772.24万,False,3414.96万,7.73亿,1.63亿,-1880.56万,-2.05亿,24.58亿,22.53亿,,,False,False,False,False,False,False,False,False,False,False,False,False,False,False,False,False,False,,False,,False,False,False
2023-12-31,,4.48亿,16.34亿,-7.18亿,-5.40亿,24.58亿,,,131.70亿,1.74亿,6.12亿,139.56亿,82.15亿,23.79亿,6.00亿,11.28亿,123.22亿,16.34亿,,3.53亿,9715.13万,2.61亿,False,1079.00万,7.22亿,12.99亿,1.01亿,4048.51万,3.77万,14.40亿,-7.18亿,,1.71亿,1.71亿,40.60亿,False,42.31亿,41.87亿,4.71亿,2330.61万,1.13亿,47.71亿,-5.40亿,7287.79万,4.48亿,20.10亿,24.58亿,,,5.53亿,2.54亿,4.63亿,1.99亿,1198.57万,-2087.83万,361.91万,-7001.15万,2.22亿,2.00亿,-3982.03万,7472.84万,-1.66亿,-4.76亿,3.35亿,False,16.34亿,,False,,24.58亿,20.10亿,4.48亿
2023-09-30,,6.74亿,9.05亿,-2.00亿,-3778.45万,26.84亿,,,103.67亿,1.26亿,5.18亿,110.11亿,67.61亿,16.64亿,5.10亿,11.70亿,101.06亿,9.05亿,,3.53亿,8772.23万,2.53亿,88.00万,False,6.95亿,7.75亿,1.16亿,348.61万,3.77万,8.95亿,-2.00亿,,1.06亿,1.06亿,31.96亿,False,33.02亿,29.09亿,3.91亿,False,4002.46万,33.40亿,-3778.45万,767.89万,6.74亿,20.10亿,26.84亿,,,False,False,False,False,False,False,False,False,False,False,False,False,False,False,False,False,False,,False,,False,False,False
2023-06-30,,6.80亿,6.29亿,1083.81万,425.87万,26.90亿,,,67.19亿,7478.19万,2.83亿,70.77亿,43.82亿,11.28亿,3.49亿,5.89亿,64.48亿,6.29亿,,3.53亿,8772.23万,2.51亿,88.00万,False,6.93亿,6.10亿,6884.24万,348.61万,False,6.82亿,1083.81万,,1.04亿,1.04亿,24.29亿,False,25.33亿,23.68亿,1.24亿,False,3667.43万,25.28亿,425.87万,3585.76万,6.80亿,20.10亿,26.90亿,,,6.28亿,680.56万,2.17亿,9678.38万,758.85万,-2871.72万,213.47万,-4467.31万,7149.26万,-4374.44万,513.32万,-761.89万,-1.07亿,-8.48亿,6.18亿,False,6.29亿,,False,,26.90亿,20.10亿,6.80亿
2023-03-31,,9406.34万,-1272.55万,1.55亿,-3523.37万,21.04亿,,,30.17亿,4445.99万,1.22亿,31.83亿,21.78亿,5.49亿,1.79亿,2.90亿,31.96亿,-1272.55万,,3.52亿,7741.55万,4246.44万,False,False,4.72亿,2.29亿,8769.51万,False,False,3.17亿,1.55亿,,5680.00万,False,13.60亿,False,14.17亿,13.92亿,5462.71万,False,603.27万,14.52亿,-3523.37万,-1302.13万,9406.34万,20.10亿,21.04亿,,,False,False,False,False,False,False,False,False,False,False,False,False,False,False,False,False,False,,False,,False,False,False
2022-12-31,,-4854.11万,11.92亿,-6.33亿,-6.79亿,20.10亿,,,121.35亿,2.67亿,3.45亿,127.47亿,77.80亿,22.25亿,5.08亿,10.41亿,115.55亿,11.92亿,,130.48万,503.50万,2.33亿,3581.04万,False,2.75亿,8.81亿,526.97万,2269.91万,False,9.08亿,-6.33亿,,3.50亿,3.45亿,47.32亿,82.50万,50.83亿,50.34亿,4.66亿,106.65万,2.62亿,57.62亿,-6.79亿,7168.66万,-4854.11万,20.59亿,20.10亿,,,8.39亿,926.47万,3.95亿,1.58亿,2200.34万,-60.67万,12.38万,307.34万,2.76亿,-9088.49万,2560.04万,-1426.39万,-2.72亿,-10.82亿,8.05亿,False,11.92亿,,False,,20.10亿,20.59亿,-4854.11万
2022-09-30,,1.97亿,7.03亿,-4.76亿,-4483.34万,22.56亿,,,89.11亿,1.96亿,6.56亿,97.63亿,59.48亿,14.89亿,4.48亿,11.74亿,90.60亿,7.03亿,,False,False,2.12亿,3581.04万,False,2.48亿,6.37亿,7132.93万,1529.67万,False,7.23亿,-4.76亿,,3.46亿,3.45亿,42.58亿,False,46.04亿,42.11亿,3.71亿,False,6574.65万,46.48亿,-4483.34万,1454.92万,1.97亿,20.59亿,22.56亿,,,False,False,False,False,False,False,False,False,False,False,False,False,False,False,False,False,False,,False,,False,False,False
2022-06-30,,2.49亿,4.46亿,-3.09亿,1.14亿,23.08亿,,,56.07亿,1.70亿,5.04亿,62.82亿,37.50亿,10.21亿,2.82亿,7.82亿,58.36亿,4.46亿,,False,False,2.12亿,3581.04万,False,2.47亿,4.70亿,7132.93万,1529.67万,False,5.56亿,-3.09亿,,3.09亿,3.09亿,17.77亿,False,20.86亿,18.40亿,1.21亿,False,1099.49万,19.72亿,1.14亿,-114.46万,2.49亿,20.59亿,23.08亿,,,5.30亿,735.90万,1.97亿,7934.79万,938.80万,-87.11万,31.90万,-3476.53万,1.26亿,-7747.11万,-341.01万,345.41万,-1.08亿,-11.02亿,8.05亿,False,4.46亿,,False,,23.08亿,20.59亿,2.49亿
2022-03-31,,1.04亿,2.10亿,-1.02亿,363.58万,21.62亿,,,28.25亿,4776.39万,4.98亿,33.71亿,21.83亿,4.50亿,1.09亿,4.20亿,31.61亿,2.10亿,,False,False,2.11亿,3581.04万,False,2.47亿,2.82亿,6687.78万,False,False,3.49亿,-1.02亿,,1.08亿,1.08亿,10.17亿,False,11.25亿,10.56亿,6135.54万,False,397.42万,11.22亿,363.58万,-782.71万,1.04亿,20.59亿,21.62亿,,,False,False,False,False,False,False,False,False,False,False,False,False,False,False,False,False,False,,False,,False,False,False
2021-12-31,,8114.93万,14.80亿,-4.27亿,-9.00亿,20.59亿,,,119.20亿,1.16亿,3.62亿,123.99亿,74.92亿,20.21亿,4.48亿,9.57亿,109.18亿,14.80亿,,False,1088.67万,2.34亿,3.27亿,False,5.72亿,9.52亿,10.00万,4664.59万,False,9.99亿,-4.27亿,,3.57亿,2.30亿,45.80亿,False,49.37亿,51.65亿,4.67亿,1589.00万,2.05亿,58.37亿,-9.00亿,-7213.49万,8114.93万,19.78亿,20.59亿,,,10.57亿,4203.89万,3.72亿,1.33亿,2186.58万,-4.23亿,213.93万,-1.83亿,2.48亿,-349.71万,2629.79万,9303.88万,-2.82亿,-4.68亿,7.76亿,False,14.80亿,,False,,20.59亿,19.78亿,8114.93万
2021-09-30,,3.97亿,7.23亿,4311.82万,-3.38亿,23.75亿,,,85.98亿,1.20亿,4.47亿,91.65亿,53.03亿,14.63亿,4.23亿,12.53亿,84.42亿,7.23亿,,False,585.17万,2.22亿,3.27亿,False,5.55亿,4.65亿,10.00万,4664.59万,False,5.12亿,4311.82万,,1.86亿,False,38.95亿,False,40.81亿,38.33亿,3.85亿,False,2.01亿,44.19亿,-3.38亿,-3100.93万,3.97亿,19.78亿,23.75亿,,,False,False,False,False,False,False,False,False,False,False,False,False,False,False,False,False,False,,False,,False,False,False
2021-06-30,,-4755.63万,5.44亿,2.74亿,-8.44亿,19.30亿,,,53.28亿,7885.78万,1.79亿,55.85亿,31.77亿,10.65亿,2.48亿,5.51亿,50.41亿,5.44亿,,False,585.17万,2.20亿,3.29亿,False,5.55亿,2.51亿,10.00万,3078.31万,False,2.82亿,2.74亿,,1.33亿,False,14.47亿,False,15.80亿,21.51亿,1.15亿,False,1.58亿,24.24亿,-8.44亿,-2173.73万,-4755.63万,19.78亿,19.30亿,,,4.46亿,886.93万,1.79亿,6732.92万,1101.55万,-505.86万,88.33万,-7212.20万,1.20亿,-8001.41万,4825.78万,-1117.97万,-3.11亿,-10.23亿,11.33亿,False,5.44亿,,False,,19.30亿,19.78亿,-4755.63万
2021-03-31,,-3484.64万,2.44亿,1.11亿,-3.71亿,19.43亿,,,24.45亿,4883.66万,1.76亿,26.70亿,14.24亿,5.65亿,1.07亿,3.30亿,24.26亿,2.44亿,,False,False,2.15亿,1744.10万,False,2.32亿,1.22亿,False,False,False,1.22亿,1.11亿,,False,False,8.72亿,False,8.72亿,10.81亿,5832.17万,False,1.04亿,12.43亿,-3.71亿,-1927.38万,-3484.64万,19.78亿,19.43亿,,,False,False,False,False,False,False,False,False,False,False,False,False,False,False,False,False,False,,False,,False,False,False
2020-12-31,,3.24亿,12.24亿,-5.82亿,-3.03亿,19.78亿,,,104.86亿,1.06亿,5.08亿,111.00亿,66.19亿,20.04亿,3.81亿,8.71亿,98.75亿,12.24亿,,False,594.18万,1.81亿,False,False,1.87亿,6.78亿,6990.90万,2066.46万,False,7.69亿,-5.82亿,,2.16亿,1.51亿,54.85亿,2784.00万,57.29亿,55.24亿,4.87亿,160.20万,2194.50万,60.32亿,-3.03亿,-1566.58万,3.24亿,16.54亿,19.78亿,,,9.23亿,16.20万,3.55亿,1.29亿,2720.97万,-2.10亿,87.15万,-2390.23万,2.97亿,-8040.87万,-2783.17万,607.56万,4282.66万,-6.93亿,4.27亿,False,12.24亿,,False,,19.78亿,16.54亿,3.24亿
2020-09-30,,2.66亿,7.69亿,-3.79亿,-1.22亿,19.20亿,,,81.15亿,8401.54万,2.19亿,84.18亿,52.59亿,13.40亿,3.73亿,6.77亿,76.49亿,7.69亿,,False,594.18万,1.77亿,False,False,1.82亿,4.71亿,6990.90万,2066.46万,False,5.62亿,-3.79亿,,1.62亿,1.05亿,46.81亿,2784.00万,48.70亿,45.57亿,4.18亿,160.20万,1769.60万,49.92亿,-1.22亿,-162.20万,2.66亿,16.54亿,19.20亿,,,False,False,False,False,False,False,False,False,False,False,False,False,False,False,False,False,False,,False,,False,False,False
2020-06-30,,5.37亿,4.80亿,-3.48亿,3.99亿,21.91亿,,,54.93亿,5633.30万,1.10亿,56.59亿,34.70亿,9.69亿,2.40亿,5.00亿,51.79亿,4.80亿,,False,594.18万,285.30万,False,False,879.47万,3.06亿,5081.24万,False,False,3.57亿,-3.48亿,,7565.32万,False,29.37亿,2784.00万,30.40亿,22.82亿,3.45亿,35.49万,1418.72万,26.41亿,3.99亿,571.95万,5.37亿,16.54亿,21.91亿,,,3.83亿,-1484.70万,1.82亿,5880.48万,1915.49万,42.99万,27.45万,-5862.81万,1.53亿,-3352.36万,-224.77万,1959.57万,1.33亿,-2.70亿,-1.08亿,False,4.80亿,,False,,21.91亿,16.54亿,5.37亿
2020-03-31,,3.58亿,6391.66万,-1.86亿,4.84亿,20.11亿,,,26.17亿,2328.30万,1.21亿,27.61亿,18.41亿,4.66亿,9719.47万,2.93亿,26.97亿,6391.66万,,False,False,332.61万,False,False,332.61万,1.39亿,5081.24万,False,False,1.90亿,-1.86亿,,False,False,17.37亿,False,17.37亿,11.74亿,7320.38万,35.49万,557.08万,12.53亿,4.84亿,-392.12万,3.58亿,16.54亿,20.11亿,,,False,False,False,False,False,False,False,False,False,False,False,False,False,False,False,False,False,,False,,False,False,False
2019-12-31,,3.97亿,11.96亿,-6.02亿,-1.82亿,16.54亿,,,94.22亿,1.48亿,6.96亿,102.66亿,56.88亿,19.70亿,4.02亿,10.11亿,90.70亿,11.96亿,,False,580.67万,391.44万,False,False,972.12万,5.57亿,5052.32万,428.21万,False,6.12亿,-6.02亿,,6811.99万,False,66.39亿,False,67.07亿,64.00亿,4.39亿,1348.40万,4937.12万,68.89亿,-1.82亿,-1467.64万,3.97亿,12.57亿,16.54亿,,,10.08亿,1697.03万,3.58亿,1.10亿,2097.30万,465.63万,28.33万,-3.31亿,2.85亿,-8193.74万,-1486.96万,5707.67万,-2.97亿,1.66亿,-1.43亿,False,11.96亿,,False,,16.54亿,12.57亿,3.97亿
2019-09-30,,1692.46万,7.89亿,-3.49亿,-4.30亿,12.74亿,,,84.55亿,1.03亿,2.69亿,88.27亿,53.36亿,15.06亿,3.55亿,8.41亿,80.38亿,7.89亿,,False,580.67万,368.28万,False,False,948.95万,3.03亿,5491.14万,False,False,3.58亿,-3.49亿,,False,False,39.17亿,False,39.17亿,39.21亿,4.05亿,223.68万,2027.90万,43.47亿,-4.30亿,621.03万,1692.46万,12.57亿,12.74亿,,,False,False,False,False,False,False,False,False,False,False,False,False,False,False,False,False,False,,False,,False,False,False
2019-06-30,,4371.89万,4.37亿,-2.64亿,-1.33亿,13.00亿,,,54.01亿,7907.95万,6990.00万,55.49亿,32.78亿,10.34亿,2.18亿,5.82亿,51.12亿,4.37亿,,False,False,False,364.03万,False,364.03万,2.62亿,507.16万,False,False,2.67亿,-2.64亿,,False,False,25.03亿,False,25.03亿,22.82亿,3.40亿,223.68万,1306.42万,26.35亿,-1.33亿,284.91万,4371.89万,12.57亿,13.00亿,,,6.30亿,948.74万,1.72亿,5432.30万,947.34万,-149.71万,169.16万,-3.00亿,1.47亿,-4085.23万,2089.09万,-249.08万,553.00万,-5.08亿,2.25亿,False,4.37亿,,False,,13.00亿,12.57亿,4371.89万
2019-03-31,,3262.67万,-9641.01万,-1.55亿,2.97亿,12.89亿,,,24.57亿,4522.24万,1.11亿,26.13亿,18.68亿,4.64亿,7805.20万,3.00亿,27.10亿,-9641.01万,,False,False,281.90万,False,False,281.90万,1.57亿,False,False,False,1.57亿,-1.55亿,,False,False,18.08亿,False,18.08亿,14.30亿,7633.96万,False,556.19万,15.12亿,2.97亿,-1288.28万,3262.67万,12.57亿,12.89亿,,,False,False,False,False,False,False,False,False,False,False,False,False,False,False,False,False,False,,False,,False,False,False
2018-12-31,,-5.18亿,9.75亿,-14.50亿,-709.44万,12.57亿,,,88.96亿,1.24亿,6.96亿,97.15亿,50.97亿,18.57亿,4.87亿,12.99亿,87.40亿,9.75亿,,False,328.60万,932.26万,3.45亿,False,3.58亿,8.08亿,2859.51万,9.72亿,False,18.08亿,-14.50亿,,2043.04万,False,49.75亿,2640.00万,50.22亿,46.15亿,3.91亿,False,2255.22万,50.29亿,-709.44万,-3497.80万,-5.18亿,17.74亿,12.57亿,,,6.88亿,6340.06万,3.01亿,9084.66万,1923.96万,-452.65万,201.98万,-4854.12万,2.99亿,-5642.00万,-3183.42万,3958.70万,-1.02亿,-7.90亿,5.05亿,False,9.75亿,,False,,12.57亿,17.74亿,-5.18亿
2018-09-30,,-4.25亿,6.22亿,-11.79亿,9287.20万,13.49亿,,,77.85亿,8154.75万,2.16亿,80.82亿,49.39亿,12.92亿,3.38亿,8.92亿,74.60亿,6.22亿,,False,328.60万,716.59万,3.45亿,False,3.56亿,5.41亿,2240.05万,9.71亿,False,15.34亿,-11.79亿,,2040.54万,False,37.52亿,2640.00万,37.99亿,34.08亿,2.85亿,False,1312.89万,37.06亿,9287.20万,3860.41万,-4.25亿,17.74亿,13.49亿,,,False,False,False,False,False,False,False,False,False,False,False,False,False,False,False,False,False,,False,,False,False,False
2018-06-30,,-4.34亿,3.59亿,-11.00亿,3.13亿,13.40亿,,,51.35亿,4764.91万,6323.20万,52.46亿,31.82亿,8.42亿,2.42亿,6.22亿,48.87亿,3.59亿,,False,328.60万,424.93万,3.45亿,False,3.53亿,4.11亿,10.41亿,False,False,14.52亿,-11.00亿,,2160.29万,False,24.14亿,2640.00万,24.62亿,19.55亿,1.86亿,False,792.47万,21.50亿,3.13亿,-569.87万,-4.34亿,17.74亿,13.40亿,,,2.94亿,1550.62万,1.44亿,3536.05万,889.32万,-105.66万,-214.68万,False,1.18亿,-2130.84万,-65.93万,-171.78万,-3663.47万,-5.31亿,3.37亿,False,3.59亿,,False,,13.40亿,17.74亿,-4.34亿
2018-03-31,,-2.42亿,-2690.00万,7442.52万,-2.79亿,15.32亿,,,23.10亿,2999.06万,1498.52万,23.55亿,15.36亿,4.34亿,1.13亿,2.99亿,23.82亿,-2690.00万,,False,False,123.79万,3.45亿,False,3.46亿,2.14亿,False,False,5745.66万,2.72亿,7442.52万,,2160.29万,False,8.24亿,False,8.46亿,10.72亿,4838.44万,False,405.47万,11.25亿,-2.79亿,-1004.70万,-2.42亿,17.74亿,15.32亿,,,False,False,False,False,False,False,False,False,False,False,False,False,False,False,False,False,False,,False,,False,False,False
2017-12-31,,-1.01亿,3.17亿,-6.93亿,3.18亿,17.74亿,,,69.67亿,1.23亿,2.24亿,73.14亿,40.17亿,17.02亿,3.68亿,9.10亿,69.97亿,3.17亿,,1386.79万,False,2347.19万,9545.08万,False,1.33亿,7.89亿,False,False,3729.28万,8.26亿,-6.93亿,,False,False,48.45亿,False,48.45亿,41.35亿,3.61亿,5153.96万,3053.96万,45.26亿,3.18亿,-4288.46万,-1.01亿,18.75亿,17.74亿,,,6.71亿,4823.51万,2.94亿,8426.25万,1513.67万,-106.05万,1082.08万,-203.35万,2.79亿,-6.57亿,586.44万,229.61万,-3.43亿,-13.36亿,12.45亿,False,3.17亿,,False,,17.74亿,18.75亿,-1.01亿
2017-09-30,,1.09亿,1.06亿,-3.40亿,3.18亿,19.85亿,,,69.11亿,1.16亿,1.22亿,71.49亿,48.24亿,12.50亿,3.02亿,6.67亿,70.43亿,1.06亿,,1386.79万,False,764.16万,5485.17万,False,7636.12万,4.16亿,False,False,False,4.16亿,-3.40亿,,False,False,31.92亿,False,31.92亿,26.58亿,2.03亿,154.22万,1390.07万,28.75亿,3.18亿,2563.03万,1.09亿,18.75亿,19.85亿,,,False,False,False,False,False,False,False,False,False,False,False,False,False,False,False,False,False,,False,,False,False,False
2017-06-30,,2.40亿,-68.30万,-2.78亿,4.94亿,21.16亿,,,46.02亿,7484.56万,7555.70万,47.53亿,31.53亿,8.64亿,2.12亿,5.24亿,47.54亿,-68.30万,,1386.79万,False,437.00万,False,False,1823.79万,2.97亿,False,False,False,2.97亿,-2.78亿,,False,False,24.33亿,False,24.33亿,17.70亿,1.59亿,154.22万,966.07万,19.39亿,4.94亿,2527.28万,2.40亿,18.75亿,21.16亿,,,1.32亿,1902.29万,1.43亿,3917.61万,767.72万,503.17万,False,False,1.24亿,-882.77万,-3392.50万,321.72万,-3.56亿,-5.43亿,4.67亿,False,-68.30万,,False,,21.16亿,18.75亿,2.40亿
2017-03-31,,2.37亿,-3664.83万,-1.22亿,3.89亿,21.13亿,,,21.68亿,3635.35万,8836.52万,22.92亿,15.08亿,4.73亿,1.00亿,2.48亿,23.29亿,-3664.83万,,1386.79万,False,141.75万,False,False,1528.54万,1.37亿,False,False,False,1.37亿,-1.22亿,,False,False,14.74亿,False,14.74亿,10.31亿,4933.56万,False,420.45万,10.84亿,3.89亿,670.76万,2.37亿,18.75亿,21.13亿,,,False,False,False,False,False,False,False,False,False,False,False,False,False,False,False,False,False,,False,,False,False,False
2016-12-31,,4.63亿,9441.57万,-20.39亿,24.50亿,18.75亿,,,65.51亿,1.04亿,2.73亿,69.28亿,41.07亿,16.78亿,4.09亿,6.39亿,68.34亿,9441.57万,,944.44万,89.40万,3990.36万,False,False,5024.20万,6.48亿,12.68亿,1.73亿,False,20.89亿,-20.39亿,,16.20亿,2310.00万,36.49亿,1.74亿,54.44亿,26.69亿,3.08亿,False,1800.00万,29.94亿,24.50亿,-4298.22万,4.63亿,14.13亿,18.75亿,,,2.88亿,1246.55万,2.89亿,6388.53万,1224.62万,248.07万,False,-2.08亿,2.61亿,-1674.00万,-1.07亿,2387.28万,-2603.20万,-5.35亿,3415.94万,False,9441.57万,,4230.00万,,18.75亿,14.13亿,4.63亿
2016-09-30,,1.51亿,-9195.19万,-18.90亿,21.23亿,15.64亿,,,62.91亿,6169.30万,1.38亿,64.91亿,43.52亿,12.71亿,3.15亿,6.45亿,65.83亿,-9195.19万,,False,False,1534.85万,False,False,1534.85万,4.94亿,12.26亿,1.85亿,False,19.06亿,-18.90亿,,16.20亿,1960.00万,30.86亿,1.71亿,48.76亿,23.79亿,2.34亿,False,1.40亿,27.53亿,21.23亿,1010.57万,1.51亿,14.13亿,15.64亿,,,False,False,False,False,False,False,False,False,False,False,False,False,False,False,False,False,False,,False,,False,False,False
2016-06-30,,4.55亿,-1.32亿,-5.37亿,11.16亿,18.68亿,,,40.73亿,3590.96万,9486.85万,42.04亿,28.46亿,7.84亿,2.32亿,4.74亿,43.36亿,-1.32亿,,False,False,1257.49万,False,False,1257.49万,3.37亿,2.12亿,False,False,5.49亿,-5.37亿,,16.20亿,1.48亿,13.78亿,6845.19万,30.66亿,16.65亿,1.79亿,False,1.07亿,19.50亿,11.16亿,678.78万,4.55亿,14.13亿,18.68亿,,,1.62亿,608.80万,1.46亿,2748.70万,360.47万,-955.00万,False,-111.60万,1.11亿,-1182.84万,-1970.38万,-252.12万,6.84万,-5.75亿,3165.40万,False,-1.32亿,,False,,18.68亿,14.13亿,4.55亿
2016-03-31,,6.15亿,-2.58亿,-1.88亿,10.18亿,20.27亿,,,18.81亿,2402.68万,7429.09万,19.79亿,13.74亿,4.42亿,1.14亿,3.07亿,22.37亿,-2.58亿,,False,False,1060.42万,False,False,1060.42万,1.99亿,12.50万,False,False,1.99亿,-1.88亿,,16.00亿,False,7.02亿,2.07亿,25.08亿,13.89亿,4859.45万,False,5320.19万,14.91亿,10.18亿,4346.64万,6.15亿,14.13亿,20.27亿,,,False,False,False,False,False,False,False,False,False,False,False,False,False,False,False,False,False,,False,,False,False,False
2015-12-31,,2.64亿,8.60亿,-22.00亿,16.57亿,14.13亿,,,81.05亿,9164.36万,2.21亿,84.17亿,50.70亿,14.86亿,3.18亿,6.82亿,75.57亿,8.60亿,,7230.71万,866.92万,7348.14万,653.14万,False,1.61亿,5.53亿,5041.79万,17.58亿,False,23.61亿,-22.00亿,,1600.00万,1600.00万,50.93亿,1.10亿,52.19亿,31.61亿,2.94亿,117.85万,1.07亿,35.62亿,16.57亿,-5285.49万,2.64亿,11.49亿,14.13亿,,,4.35亿,4661.07万,2.79亿,4830.40万,412.58万,-3576.72万,False,171.86万,2.79亿,-1311.28万,-2217.55万,-3742.67万,5990.94万,-1.64亿,-2109.06万,False,8.60亿,,False,,14.13亿,11.49亿,2.64亿
2015-09-30,,2.01亿,1.86亿,-16.39亿,16.72亿,13.49亿,,,60.29亿,8513.22万,1.09亿,62.23亿,40.60亿,11.50亿,2.32亿,5.95亿,60.37亿,1.86亿,,1000.00万,False,7632.40万,False,5663.02万,1.43亿,3.72亿,2000.00万,13.90亿,False,17.82亿,-16.39亿,,1000.00万,1000.00万,36.08亿,1.47亿,37.65亿,17.05亿,2.78亿,False,1.10亿,20.93亿,16.72亿,-1788.43万,2.01亿,11.49亿,13.49亿,,,False,False,False,False,False,False,False,False,False,False,False,False,False,False,False,False,False,,False,,False,False,False
2015-06-30,,2.59亿,1.73亿,-15.15亿,16.25亿,14.08亿,,,39.89亿,5458.45万,8837.26万,41.32亿,27.25亿,7.99亿,1.48亿,2.87亿,39.59亿,1.73亿,,1000.00万,False,182.02万,False,5500.00万,6682.02万,1.92亿,False,13.90亿,False,15.82亿,-15.15亿,,1000.00万,1000.00万,29.45亿,1.17亿,30.72亿,12.00亿,1.92亿,False,5441.71万,14.46亿,16.25亿,-2311.16万,2.59亿,11.49亿,14.08亿,,,2.32亿,708.10万,1.37亿,1876.09万,179.69万,-3231.70万,False,-23.74万,9572.02万,-1070.89万,-468.82万,-1352.24万,7051.75万,-6.35亿,3.06亿,False,1.73亿,,False,,14.08亿,11.49亿,2.59亿
2015-03-31,,5.73亿,-2642.67万,-6.65亿,13.06亿,17.22亿,,,17.84亿,3026.45万,4057.00万,18.55亿,12.87亿,3.69亿,4859.91万,1.77亿,18.82亿,-2642.67万,,False,False,125.65万,False,False,125.65万,1.15亿,False,5.52亿,False,6.66亿,-6.65亿,,1000.00万,1000.00万,16.68亿,1.16亿,17.95亿,3.35亿,1.14亿,False,3858.78万,4.88亿,13.06亿,-4136.77万,5.73亿,11.49亿,17.22亿,,,False,False,False,False,False,False,False,False,False,False,False,False,False,False,False,False,False,,False,,False,False,False
2014-12-31,,-2.86亿,6.43亿,-4.66亿,-4.14亿,11.49亿,,,61.81亿,6631.22万,8167.12万,63.29亿,35.28亿,14.40亿,1.31亿,5.87亿,56.86亿,6.43亿,,1.00亿,518.00万,1.42亿,False,795.61万,2.56亿,4.29亿,7125.00万,1.67亿,5500.00万,7.22亿,-4.66亿,,4976.56万,4976.56万,25.93亿,1.71亿,28.14亿,26.21亿,3.09亿,2722.74万,2.98亿,32.28亿,-4.14亿,-4894.45万,-2.86亿,14.34亿,11.49亿,,,4.76亿,2688.21万,1.87亿,3526.73万,281.45万,-9693.35万,False,85.98万,1.97亿,-3011.17万,-6170.50万,-949.98万,-1.84亿,-1.53亿,2.53亿,False,6.43亿,,False,,11.49亿,14.34亿,-2.86亿
2014-09-30,,-5.02亿,1.30亿,-2.87亿,-3.31亿,9.32亿,,,46.39亿,5529.25万,1.78亿,48.72亿,30.29亿,10.82亿,1.51亿,4.79亿,47.42亿,1.30亿,,False,518.00万,231.01万,False,1.08亿,1.16亿,2.61亿,8125.00万,5771.10万,252.40万,4.03亿,-2.87亿,,3460.00万,3460.00万,17.22亿,637.20万,17.63亿,17.47亿,2.57亿,2040.00万,9039.73万,20.94亿,-3.31亿,-1431.88万,-5.02亿,14.34亿,9.32亿,,,False,False,False,False,False,False,False,False,False,False,False,False,False,False,False,False,False,,False,,False,False,False
2014-06-30,,-5.62亿,5501.91万,-7025.00万,-5.46亿,8.72亿,,,31.75亿,3801.35万,5337.47万,32.67亿,21.97亿,7.31亿,6955.62万,2.14亿,32.12亿,5501.91万,,False,518.00万,204.60万,False,1.05亿,1.12亿,1.65亿,1725.00万,False,False,1.83亿,-7025.00万,,1960.00万,1960.00万,10.58亿,1144.65万,10.89亿,14.37亿,1.46亿,False,5154.00万,16.35亿,-5.46亿,-141.72万,-5.62亿,14.34亿,8.72亿,,,1.59亿,1008.02万,9906.02万,2350.09万,29.17万,-103.25万,6.34万,112.15万,7903.70万,-1057.82万,-976.08万,372.00万,-4150.07万,-3.09亿,5257.93万,-133.47万,5501.91万,,False,,8.72亿,14.34亿,-5.62亿
2014-03-31,,-4.37亿,-5863.90万,2914.97万,-4.09亿,9.97亿,,,14.07亿,2533.76万,4932.28万,14.82亿,9.84亿,3.62亿,3222.70万,1.63亿,15.41亿,-5863.90万,,False,False,22.64万,False,1.05亿,1.05亿,7626.11万,False,False,False,7626.11万,2914.97万,,1960.00万,1960.00万,4.88亿,701.48万,5.15亿,8.65亿,4573.91万,False,1304.21万,9.24亿,-4.09亿,103.23万,-4.37亿,14.34亿,9.97亿,,,False,False,False,False,False,False,False,False,False,False,False,False,False,False,False,False,False,,False,,False,False,False
2013-12-31,,2.52亿,2.70亿,-9.55亿,9.33亿,14.34亿,,,58.91亿,8234.76万,5965.56万,60.33亿,38.56亿,13.31亿,1.23亿,4.52亿,57.62亿,2.70亿,,False,1162.46万,8568.97万,82.72万,False,9814.15万,4.15亿,5.08亿,1.31亿,False,10.53亿,-9.55亿,,980.00万,980.00万,28.50亿,5498.45万,29.14亿,17.11亿,1.82亿,2763.28万,8890.16万,19.82亿,9.33亿,384.14万,2.52亿,11.83亿,14.34亿,,,4.07亿,4224.20万,1.77亿,2409.05万,248.08万,-5581.22万,False,-93.90万,1.21亿,-1652.75万,-7991.44万,-1446.53万,-6522.32万,-5.77亿,3.14亿,-707.73万,2.70亿,,False,,14.34亿,11.83亿,2.52亿
2013-09-30,,-8849.95万,2171.99万,-6.40亿,5.30亿,10.94亿,,,35.47亿,6648.24万,1.40亿,37.54亿,23.20亿,7.65亿,8006.15万,5.68亿,37.32亿,2171.99万,,False,1036.00万,8508.38万,82.72万,2753.00万,1.24亿,2.58亿,5.03亿,False,202.45万,7.63亿,-6.40亿,,False,False,19.81亿,3023.63万,20.11亿,12.45亿,1.53亿,2763.28万,8352.35万,14.81亿,5.30亿,-36.70万,-8849.95万,11.83亿,10.94亿,,,False,False,False,False,False,False,False,False,False,False,False,False,False,False,False,False,False,,False,,False,False,False
2013-06-30,,-4470.29万,8046.71万,-2.54亿,1.40亿,11.38亿,,,23.80亿,4790.33万,5797.82万,24.86亿,15.30亿,6.08亿,5790.82万,2.10亿,24.05亿,8046.71万,,False,1036.00万,8085.59万,82.72万,88.69万,9293.01万,1.63亿,1.84亿,False,False,3.47亿,-2.54亿,,False,False,12.87亿,2701.64万,13.14亿,9.87亿,1.25亿,2040.00万,6223.06万,11.74亿,1.40亿,-1088.82万,-4470.29万,11.83亿,11.38亿,,,1.38亿,1798.15万,8928.70万,1171.90万,98.52万,-5400.31万,1400.00,False,6440.64万,-1584.77万,-24.33万,-269.06万,3744.36万,-2.20亿,1689.38万,-303.17万,8046.71万,,False,,11.38亿,11.83亿,-4470.29万
2013-03-31,,-7499.54万,-5034.53万,-1.51亿,1.41亿,11.08亿,,,13.15亿,1497.28万,2898.21万,13.59亿,9.40亿,3.14亿,2027.95万,1.34亿,14.09亿,-5034.53万,,False,False,7611.16万,82.72万,45.26万,7739.15万,7699.63万,1.51亿,False,False,2.28亿,-1.51亿,,False,False,9.02亿,1846.50万,9.21亿,7.22亿,4782.36万,False,976.47万,7.80亿,1.41亿,-1479.31万,-7499.54万,11.83亿,11.08亿,,,False,False,False,False,False,False,False,False,False,False,False,False,False,False,False,False,False,,False,,False,False,False
2012-12-31,,-3.16亿,3.85亿,-2.23亿,-4.82亿,11.83亿,,,50.94亿,7327.63万,2.30亿,53.97亿,28.68亿,12.30亿,1.32亿,7.81亿,50.11亿,3.85亿,,59.23万,1084.51万,9845.48万,False,False,1.10亿,3.33亿,5.21万,False,False,3.33亿,-2.23亿,,5.20亿,2000.00万,11.45亿,1.07亿,17.72亿,20.29亿,1.45亿,1923.39万,7942.57万,22.54亿,-4.82亿,395.97万,-3.16亿,14.99亿,11.83亿,,,2.90亿,2393.31万,1.49亿,2151.66万,326.98万,-5864.19万,False,False,1.37亿,-1807.18万,-1407.77万,-1764.52万,967.03万,5516.51万,-1.84亿,-1209.06万,3.85亿,,False,,11.83亿,14.99亿,-3.16亿
2012-09-30,,-4.87亿,1.87亿,-2.81亿,-3.94亿,10.12亿,,,36.45亿,5002.84万,2.46亿,39.41亿,21.70亿,8.91亿,8807.95万,6.05亿,37.54亿,1.87亿,,False,1036.00万,309.70万,False,83.03万,1428.73万,2.38亿,1689.50万,False,4054.84万,2.95亿,-2.81亿,,False,False,14.05亿,1.30亿,15.35亿,17.33亿,1.23亿,1758.39万,7267.56万,19.28亿,-3.94亿,-24.21万,-4.87亿,14.99亿,10.12亿,,,False,False,False,False,False,False,False,False,False,False,False,False,False,False,False,False,False,,False,,False,False,False
2012-06-30,,-2.36亿,5127.23万,-1.01亿,-1.87亿,6.84亿,,,10.24亿,3035.82万,6579.73万,11.20亿,7.39亿,1.46亿,5295.72万,1.30亿,10.69亿,5127.23万,,False,1036.00万,70.67万,False,False,1106.67万,1.12亿,False,False,False,1.12亿,-1.01亿,,False,False,9.35亿,7600.26万,10.11亿,10.76亿,7305.59万,False,4860.57万,11.98亿,-1.87亿,False,-2.36亿,9.20亿,6.84亿,,,4442.47万,240.87万,3336.18万,399.83万,105.02万,-51.55万,3.83万,False,4322.38万,-1507.66万,-366.35万,False,2362.28万,-1.03亿,2119.81万,False,5127.23万,,False,,6.84亿,9.20亿,-2.36亿
2012-03-31,,2.63亿,5865.51万,-6772.23万,2.72亿,11.83亿,,,4.93亿,1799.89万,3575.90万,5.46亿,3.29亿,7253.71万,2332.37万,6318.44万,4.88亿,5865.51万,,False,False,17.75万,False,False,17.75万,6789.98万,False,False,False,6789.98万,-6772.23万,,False,False,7.30亿,1010.61万,7.40亿,4.26亿,1989.54万,False,2249.76万,4.68亿,2.72亿,False,2.63亿,9.20亿,11.83亿,,,False,False,False,False,False,False,False,False,False,False,False,False,False,False,False,False,False,,False,,False,False,False
2011-12-31,,-2.83亿,-1.03亿,-6.00亿,4.20亿,9.20亿,,,25.21亿,9650.53万,1.29亿,27.46亿,22.17亿,2.61亿,9938.98万,2.71亿,28.49亿,-1.03亿,,2.20亿,1927.52万,3404.06万,False,False,2.73亿,4.77亿,2.90亿,1.07亿,False,8.74亿,-6.00亿,,2572.98万,1200.00万,16.52亿,414.32万,16.82亿,10.14亿,1.31亿,2325.70万,1.17亿,12.62亿,4.20亿,False,-2.83亿,12.03亿,9.20亿,,,1.30亿,-1513.75万,6087.16万,724.64万,276.84万,-2467.03万,False,85.97万,7365.54万,-3188.79万,-1029.60万,-34.39万,1.23亿,899.05万,-4.28亿,False,-1.03亿,,False,,9.20亿,12.03亿,-2.83亿
2011-09-30,,-3.82亿,-2.45亿,-4.66亿,3.29亿,8.21亿,,,18.81亿,7877.81万,1.38亿,20.98亿,17.53亿,1.94亿,8830.97万,3.08亿,23.44亿,-2.45亿,,False,1927.52万,33.59万,False,2.20亿,2.40亿,3.79亿,False,1.07亿,2.20亿,7.05亿,-4.66亿,,2576.78万,1200.00万,10.80亿,570.00万,11.11亿,6.09亿,1.25亿,1855.70万,4848.81万,7.82亿,3.29亿,False,-3.82亿,12.03亿,8.21亿,,,False,False,False,False,False,False,False,False,False,False,False,False,False,False,False,False,False,,False,,False,False,False
2011-06-30,,-1.48亿,-1.65亿,-5.09亿,5.26亿,10.55亿,,,12.87亿,5589.11万,8402.18万,14.26亿,12.08亿,1.34亿,6455.00万,1.85亿,15.91亿,-1.65亿,,False,1374.20万,33.59万,False,False,1407.79万,1.97亿,False,1.07亿,2.20亿,5.23亿,-5.09亿,,2572.98万,1200.00万,8.52亿,688.00万,8.85亿,2.46亿,7040.42万,False,4200.71万,3.59亿,5.26亿,False,-1.48亿,12.03亿,10.55亿,,,6006.22万,-1406.61万,2947.04万,314.80万,130.43万,-16.70万,False,-8.84万,2752.65万,-2687.65万,-6.03万,41.30万,-5239.41万,288.58万,-1.96亿,False,-1.65亿,,False,,10.55亿,12.03亿,-1.48亿
2011-03-31,,-6.62亿,-3.09亿,-4.35亿,8286.16万,5.42亿,,,5.35亿,3106.96万,5327.24万,6.20亿,7.25亿,7177.13万,3049.24万,1.02亿,9.29亿,-3.09亿,,False,False,4.59万,False,False,4.59万,1.08亿,2.20亿,1.07亿,False,4.35亿,-4.35亿,,2572.98万,1200.00万,7050.00万,3650.02万,1.33亿,1873.00万,2337.34万,False,776.50万,4986.84万,8286.16万,False,-6.62亿,12.03亿,5.42亿,,,False,False,False,False,False,False,False,False,False,False,False,False,False,False,False,False,False,,False,,False,False,False
2010-12-31,,7.07亿,7493.80万,-3.23亿,9.55亿,12.03亿,,,26.95亿,6974.04万,1.11亿,28.75亿,22.32亿,1.88亿,1.19亿,2.61亿,28.00亿,7493.80万,,False,989.08万,283.71万,False,False,1272.79万,3.33亿,259.76万,False,False,3.35亿,-3.23亿,,9.68亿,343.00万,6.80亿,1694.20万,16.66亿,6.33亿,6377.64万,603.31万,1377.62万,7.11亿,9.55亿,False,7.07亿,4.96亿,12.03亿,,,2.44亿,1031.04万,4248.73万,447.63万,334.68万,-143.30万,False,30.57万,2990.22万,-3224.57万,-96.37万,34.39万,-2.45亿,-1.70亿,1.89亿,False,7493.80万,,False,,12.03亿,4.96亿,7.07亿
2010-09-30,,4.95亿,-5067.86万,-2.18亿,7.64亿,9.91亿,,,17.53亿,5403.62万,7316.10万,18.80亿,14.71亿,1.42亿,1.12亿,2.06亿,19.31亿,-5067.86万,,False,397.08万,195.48万,False,False,592.56万,2.22亿,224.18万,False,False,2.24亿,-2.18亿,,9.65亿,False,3.11亿,1694.20万,12.93亿,4.71亿,5362.25万,603.31万,393.08万,5.29亿,7.64亿,False,4.95亿,4.96亿,9.91亿,,,False,False,False,False,False,False,False,False,False,False,False,False,False,False,False,False,False,,False,,False,False,False
2010-06-30,,8.08亿,-3058.74万,-1.19亿,9.58亿,13.05亿,,,11.65亿,2762.45万,4971.58万,12.43亿,9.61亿,9742.80万,8132.86万,1.34亿,12.73亿,-3058.74万,,False,397.08万,86.84万,False,False,483.93万,1.23亿,12.50万,False,False,1.24亿,-1.19亿,,9.44亿,False,3.02亿,1694.20万,12.63亿,2.53亿,4833.92万,603.31万,370.95万,3.05亿,9.58亿,False,8.08亿,4.96亿,13.05亿,,,1.37亿,646.12万,2085.55万,205.10万,216.20万,-56.53万,False,False,1461.50万,-1479.19万,-231.46万,False,-4919.74万,-1.56亿,920.04万,False,-3058.74万,,False,,13.05亿,4.96亿,8.08亿
2010-03-31,,-1.28亿,-6013.32万,-5292.76万,-1459.29万,3.69亿,,,4.84亿,1332.13万,3095.14万,5.28亿,4.25亿,5422.72万,4073.89万,6833.32万,5.88亿,-6013.32万,,False,397.08万,22.45万,False,False,419.53万,5699.79万,12.50万,False,False,5712.29万,-5292.76万,,False,False,1.32亿,877.20万,1.41亿,1.23亿,3248.49万,False,False,1.56亿,-1459.29万,False,-1.28亿,4.96亿,3.69亿,,,False,False,False,False,False,False,False,False,False,False,False,False,False,False,False,False,False,,False,,False,False,False
2009-12-31,,1.34亿,2.04亿,-1.91亿,1.20亿,4.96亿,,,22.20亿,8689.00万,8280.67万,23.89亿,17.41亿,1.38亿,1.23亿,1.83亿,21.85亿,2.04亿,,False,1245.36万,2417.61万,False,False,3662.97万,1.85亿,453.12万,3825.08万,False,2.27亿,-1.91亿,,2290.92万,False,6.90亿,False,7.13亿,5.04亿,7070.65万,1313.84万,1781.77万,5.93亿,1.20亿,False,1.34亿,3.63亿,4.96亿,,,2.26亿,1800.54万,4141.53万,312.60万,259.55万,-928.77万,False,False,2347.04万,-2436.36万,-460.76万,False,-1.29亿,-1.18亿,1.75亿,False,2.04亿,,False,,4.96亿,3.63亿,1.34亿
2009-09-30,,1.28亿,8803.26万,-7835.45万,1.18亿,4.90亿,,,15.84亿,6693.97万,6907.68万,17.20亿,12.71亿,1.01亿,9494.70万,1.64亿,16.32亿,8803.26万,,False,1245.36万,2039.97万,False,False,3285.33万,7013.87万,378.12万,3728.79万,False,1.11亿,-7835.45万,,False,False,5.61亿,False,5.61亿,3.85亿,5693.83万,1313.84万,82.37万,4.43亿,1.18亿,False,1.28亿,3.63亿,4.90亿,,,False,False,False,False,False,False,False,False,False,False,False,False,False,False,False,False,False,,False,,False,False,False
2009-06-30,,1190.76万,5842.19万,-4384.21万,-267.23万,3.74亿,,,9.74亿,4430.21万,3876.77万,10.57亿,7.83亿,6625.03万,6329.22万,8583.81万,9.99亿,5842.19万,,False,1245.36万,2039.97万,False,False,3285.33万,3940.75万,False,3728.79万,False,7669.54万,-4384.21万,,False,False,3.03亿,False,3.03亿,2.63亿,4254.86万,233.44万,12.37万,3.06亿,-267.23万,False,1190.76万,3.63亿,3.74亿,,,1.20亿,371.56万,1943.57万,102.91万,127.55万,11.68万,False,False,1137.63万,-1819.98万,-144.42万,False,-3124.57万,-1.38亿,8993.29万,False,5842.19万,,False,,3.74亿,3.63亿,1190.76万
2009-03-31,,4337.98万,4826.13万,-1521.72万,1033.57万,4.06亿,,,4.67亿,2372.51万,2945.59万,5.20亿,3.69亿,3490.47万,2733.32万,4043.92万,4.72亿,4826.13万,,False,False,677.02万,False,False,677.02万,2198.74万,False,False,False,2198.74万,-1521.72万,,False,False,1.35亿,False,1.35亿,1.20亿,454.06万,False,12.37万,1.24亿,1033.57万,False,4337.98万,3.63亿,4.06亿,,,False,False,False,False,False,False,False,False,False,False,False,False,False,False,False,False,False,,False,,False,False,False
2008-12-31,,-434.62万,1.27亿,-8159.26万,-4964.46万,3.63亿,,,20.49亿,8198.04万,5528.04万,21.87亿,17.11亿,1.10亿,9084.91万,1.48亿,20.60亿,1.27亿,,False,968.61万,40.48万,False,534.04万,1543.13万,9702.39万,False,False,False,9702.39万,-8159.26万,,425.00万,False,3.91亿,False,3.95亿,3.75亿,6899.96万,1343.38万,89.50万,4.45亿,-4964.46万,False,-434.62万,3.67亿,3.63亿,,,1.48亿,1979.84万,3454.21万,168.57万,301.53万,64.87万,False,False,2440.54万,-2105.57万,222.88万,False,-4805.02万,-1.48亿,1.10亿,False,1.27亿,,False,,3.63亿,3.67亿,-434.62万
2008-09-30,,-9038.77万,3097.18万,-6648.96万,-5486.99万,2.76亿,,,15.46亿,5157.96万,4163.30万,16.39亿,13.30亿,8314.52万,7493.07万,1.20亿,16.08亿,3097.18万,,False,881.50万,38.40万,False,1820.29万,2740.18万,8126.01万,False,1224.14万,39.00万,9389.14万,-6648.96万,,False,False,2.25亿,False,2.25亿,2.17亿,6286.99万,1343.38万,False,2.80亿,-5486.99万,False,-9038.77万,3.67亿,2.76亿,,,False,False,False,False,False,False,False,False,False,False,False,False,False,False,False,False,False,,False,,False,False,False
2008-06-30,,-5770.98万,976.98万,-4579.04万,-2168.91万,3.09亿,,,9.52亿,3414.12万,3060.13万,10.17亿,8.30亿,5749.47万,4698.96万,7212.97万,10.07亿,976.98万,,False,881.50万,12.10万,False,1820.29万,2713.89万,6068.80万,False,1224.14万,False,7292.93万,-4579.04万,,False,False,1.68亿,False,1.68亿,1.37亿,5268.91万,764.28万,False,1.89亿,-2168.91万,False,-5770.98万,3.67亿,3.09亿,,,8527.72万,560.85万,1658.14万,83.39万,154.56万,9.31万,False,False,1015.40万,-1807.75万,-112.23万,False,-2921.15万,-1.49亿,8756.89万,False,976.98万,,False,,3.09亿,3.67亿,-5770.98万
2008-03-31,,-7297.09万,-5670.95万,-2325.46万,699.33万,2.94亿,,,3.62亿,1248.46万,1846.10万,3.93亿,3.71亿,2896.73万,1988.65万,3012.35万,4.50亿,-5670.95万,,False,False,6.00万,False,1820.29万,1826.29万,2927.62万,1224.14万,False,False,4151.75万,-2325.46万,,False,False,1.05亿,False,1.05亿,8573.00万,1200.67万,678.52万,False,9773.67万,699.33万,False,-7297.09万,3.67亿,2.94亿,,,False,False,False,False,False,False,False,False,False,False,False,False,False,False,False,False,False,,False,,False,False,False
2007-12-31,,3556.77万,9495.61万,-7804.14万,1865.29万,3.67亿,,,13.59亿,4464.76万,4563.43万,14.49亿,11.11亿,8099.30万,6485.96万,9789.11万,13.55亿,9495.61万,,2100.00万,605.00万,386.95万,False,False,3091.95万,8626.92万,705.67万,1563.49万,False,1.09亿,-7804.14万,,5.00万,False,4.58亿,False,4.58亿,3.87亿,5209.71万,False,30.00万,4.39亿,1865.29万,False,3556.77万,3.31亿,3.67亿,,,1.22亿,579.24万,3105.74万,155.87万,276.29万,-14.56万,False,False,1644.25万,-1892.01万,-403.78万,False,-6101.66万,-8316.01万,8222.32万,False,9495.61万,,False,,3.67亿,3.31亿,3556.77万
2007-09-30,,-1535.27万,2447.13万,-4918.50万,936.11万,3.16亿,,,9.49亿,2635.11万,3404.12万,10.10亿,8.00亿,6055.70万,5095.92万,7318.18万,9.85亿,2447.13万,,False,605.00万,342.25万,False,False,947.25万,5696.58万,169.17万,False,False,5865.75万,-4918.50万,,5.00万,5.00万,2.91亿,False,2.91亿,2.33亿,4868.89万,645.74万,False,2.82亿,936.11万,False,-1535.27万,3.31亿,3.16亿,,,False,False,False,False,False,False,False,False,False,False,False,False,False,False,False,False,False,,False,,False,False,False
2007-06-30,,2324.77万,3705.46万,-2780.69万,1399.99万,3.55亿,,,6.12亿,1735.92万,1901.97万,6.49亿,4.98亿,4054.15万,3625.90万,3685.95万,6.12亿,3705.46万,,False,605.00万,334.94万,False,False,939.94万,3551.46万,169.17万,False,False,3720.63万,-2780.69万,,5.00万,5.00万,2.35亿,False,2.35亿,1.83亿,3805.01万,142.79万,False,2.21亿,1399.99万,False,2324.77万,3.31亿,3.55亿,,,5376.14万,471.08万,1567.14万,78.93万,86.45万,-14.74万,False,False,752.50万,-628.53万,-247.00万,False,-4493.62万,-4617.41万,5374.53万,False,3705.46万,,False,,3.55亿,3.31亿,2324.77万
2007-03-31,,-940.91万,-4079.97万,-3677.68万,6816.74万,3.22亿,,,2.36亿,121.30万,601.12万,2.43亿,2.28亿,2084.94万,1627.38万,1888.63万,2.84亿,-4079.97万,,False,False,310.09万,False,False,310.09万,1718.61万,2269.17万,False,False,3987.77万,-3677.68万,,False,False,2.10亿,False,2.10亿,1.38亿,383.26万,46.67万,False,1.42亿,6816.74万,False,-940.91万,3.31亿,3.22亿,,,False,False,False,False,False,False,False,False,False,False,False,False,False,False,False,False,False,,False,,False,False,False
2006-12-31,,8369.63万,9231.91万,-1.82亿,1.73亿,3.31亿,,,10.06亿,2430.77万,5483.85万,10.86亿,8.24亿,5896.29万,5725.96万,5313.94万,9.93亿,9231.91万,,False,900.05万,2206.84万,False,False,3106.89万,7959.37万,1.33亿,False,False,2.13亿,-1.82亿,,2.60亿,25.00万,2.28亿,False,4.88亿,2.77亿,3741.14万,False,38.72万,3.15亿,1.73亿,False,8369.63万,2.48亿,3.31亿,,,9823.23万,583.39万,2892.82万,124.20万,215.99万,-907.33万,False,False,1677.66万,-873.07万,-56.19万,False,-2014.88万,-8421.47万,6187.53万,False,9231.91万,,False,,3.31亿,2.48亿,8369.63万
2006-09-30,,1.90亿,4164.77万,-5544.10万,2.03亿,4.32亿,,,6.88亿,1476.13万,2812.79万,7.31亿,5.73亿,4324.45万,4263.82万,3107.52万,6.90亿,4164.77万,,False,False,102.24万,False,False,102.24万,5524.33万,122.00万,False,False,5646.33万,-5544.10万,,2.60亿,25.00万,2.16亿,False,4.77亿,2.39亿,3415.19万,False,38.72万,2.73亿,2.03亿,False,1.90亿,2.43亿,4.32亿,,,False,False,False,False,False,False,False,False,False,False,False,False,False,False,False,False,False,,False,,False,False,False
2006-06-30,,3764.61万,6687.82万,-2714.51万,-208.71万,2.80亿,,,4.51亿,740.92万,1562.17万,4.75亿,3.39亿,2877.83万,2277.37万,1670.68万,4.08亿,6687.82万,,False,False,101.09万,False,False,101.09万,2693.60万,122.00万,False,False,2815.60万,-2714.51万,,25.00万,25.00万,2.01亿,False,2.01亿,1.76亿,2783.71万,False,False,2.04亿,-208.71万,False,3764.61万,2.43亿,2.80亿,,,3928.32万,127.92万,1353.24万,56.07万,124.89万,-15.76万,3800.00,False,688.66万,35.80万,-17.49万,False,-2829.72万,-1905.36万,5140.87万,False,6687.82万,,False,,2.80亿,2.43亿,3764.61万
2006-03-31,,-5414.00万,-747.53万,-657.71万,-4008.76万,1.89亿,,,1.92亿,226.64万,682.03万,2.02亿,1.71亿,1534.66万,1193.39万,1028.29万,2.09亿,-747.53万,,False,False,38.00万,False,False,38.00万,573.71万,122.00万,False,False,695.71万,-657.71万,,25.00万,25.00万,6700.00万,False,6725.00万,1.04亿,310.76万,False,False,1.07亿,-4008.76万,False,-5414.00万,2.43亿,1.89亿,,,False,False,False,False,False,False,False,False,False,False,False,False,False,False,False,False,False,,False,,False,False,False
2005-12-31,,-72.79万,5492.50万,-9634.24万,4068.94万,False,,,7.40亿,1347.75万,1374.11万,7.67亿,5.96亿,4611.04万,3811.82万,3209.16万,7.12亿,5492.50万,,1169.85万,794.73万,165.47万,False,1248.85万,3378.90万,1.02亿,2854.85万,False,False,1.30亿,-9634.24万,,600.00万,False,2.57亿,False,2.63亿,1.90亿,3171.06万,False,False,2.22亿,4068.94万,False,-72.79万,False,False,,,7332.19万,-202.89万,2602.40万,21.26万,232.51万,-73.58万,-1.79万,False,1077.07万,-749.46万,False,False,-3471.36万,-5244.14万,4018.04万,False,5492.50万,,False,,2.43亿,2.43亿,-72.79万
2005-09-30,,-1345.39万,3303.87万,-8055.40万,3406.14万,False,,,5.09亿,856.25万,1050.03万,5.28亿,4.05亿,3615.03万,2887.37万,2463.89万,4.95亿,3303.87万,,798.15万,False,62.17万,False,1238.85万,2099.17万,7299.72万,2854.85万,False,False,1.02亿,-8055.40万,,600.00万,False,2.01亿,False,2.07亿,1.44亿,2833.86万,False,False,1.73亿,3406.14万,False,-1345.39万,False,False,,,4345.05万,-40.42万,1904.62万,15.66万,162.78万,-71.23万,-3.03万,False,739.06万,25.88万,False,False,-2641.76万,-2917.44万,1652.37万,False,3303.87万,,False,,2.30亿,2.43亿,-1345.39万
2005-06-30,,-1555.61万,3670.45万,-4804.56万,-421.50万,False,,,3.25亿,297.44万,699.31万,3.35亿,2.42亿,2595.01万,1747.79万,1294.53万,2.98亿,3670.45万,,798.15万,3.10万,1217.34万,False,2018.59万,3974.69万,2848.45万,848.45万,False,False,6823.15万,-4804.56万,,False,False,1.57亿,False,1.57亿,1.36亿,2561.50万,False,False,1.61亿,-421.50万,False,-1555.61万,False,False,,,3021.54万,14.39万,1259.08万,10.44万,103.41万,2.02万,-3.03万,False,466.70万,-300.00,False,False,-3670.85万,-2404.85万,4724.67万,False,3670.45万,,False,,2.28亿,2.43亿,-1555.61万
2005-03-31,,-9142.59万,-2188.48万,-2189.49万,-4764.62万,False,,,1.12亿,61.74万,216.08万,1.15亿,1.08亿,1263.37万,1058.12万,577.15万,1.37亿,-2188.48万,,False,False,False,False,False,False,2189.49万,False,False,False,2189.49万,-2189.49万,,False,False,4050.00万,False,4050.00万,6710.00万,2104.62万,False,False,8814.62万,-4764.62万,False,-9142.59万,False,False,,,1072.77万,False,620.77万,5.22万,49.99万,-3.27万,False,False,199.87万,False,False,False,-2970.17万,-2908.20万,1780.20万,False,-2188.48万,,False,,1.52亿,2.43亿,-9142.59万
2004-12-31,,2825.90万,4988.17万,-1.23亿,1.01亿,False,,,4.98亿,1033.56万,534.55万,5.13亿,3.55亿,4470.35万,3800.79万,2551.03万,4.63亿,4988.17万,,569.00万,708.55万,1546.47万,False,False,2824.02万,1.21亿,2969.75万,False,23.91万,1.51亿,-1.23亿,,4627.97万,False,2.87亿,False,3.34亿,1.96亿,3615.38万,False,False,2.32亿,1.01亿,False,2825.90万,False,False,,,6184.70万,-285.61万,2384.21万,21.32万,377.87万,-1040.45万,29.50万,False,673.64万,-968.31万,False,False,-3879.89万,-817.65万,2199.46万,False,4988.17万,,False,,2.43亿,2.15亿,2825.90万
2004-09-30,,-212.08万,3019.69万,-1.22亿,9010.05万,False,,,3.70亿,412.00万,440.12万,3.78亿,2.54亿,3200.97万,3432.97万,2790.81万,3.48亿,3019.69万,,569.00万,False,9700.00,False,False,569.97万,9842.04万,2969.75万,False,False,1.28亿,-1.22亿,,4634.90万,False,2.74亿,False,3.21亿,1.96亿,3422.94万,False,38.91万,2.31亿,9010.05万,False,-212.08万,False,False,,,3215.49万,263.36万,1723.30万,16.10万,264.91万,-39.08万,1.05万,False,456.78万,-259.76万,False,False,-1578.25万,555.29万,-1718.69万,False,3019.69万,,False,,2.13亿,2.15亿,-212.08万
2004-06-30,,-5000.40万,1968.69万,-1.08亿,3824.83万,False,,,2.39亿,314.94万,255.82万,2.44亿,1.69亿,2004.04万,1751.09万,1845.35万,2.25亿,1968.69万,,False,False,1240.27万,False,False,1240.27万,9064.43万,2969.75万,False,False,1.20亿,-1.08亿,,False,False,2.29亿,False,2.29亿,1.58亿,3242.17万,False,False,1.91亿,3824.83万,False,-5000.40万,False,False,,,2154.67万,263.36万,1123.27万,10.88万,216.85万,-33.13万,1.05万,False,240.40万,False,False,False,-2951.17万,-1875.37万,2724.68万,False,1968.69万,,False,,1.65亿,2.15亿,-5000.40万
2004-03-31,,-5066.66万,-2934.91万,-1.10亿,8909.58万,False,,,8823.52万,194.76万,134.80万,9153.08万,8754.10万,915.81万,980.21万,1437.86万,1.21亿,-2934.91万,,False,False,8700.00,False,False,8673.08,8072.45万,2969.75万,False,False,1.10亿,-1.10亿,,False,False,1.64亿,False,1.64亿,6512.00万,994.42万,False,False,7506.42万,8909.58万,False,-5066.66万,False,False,,,864.24万,172.65万,542.99万,5.44万,189.69万,-5.69万,False,False,87.46万,False,False,False,-2809.10万,-1778.01万,-305.54万,False,-2934.91万,,False,,1.64亿,2.15亿,-5066.66万
2003-12-31,,-7032.07万,2767.10万,-1.11亿,1347.00万,False,,,2.99亿,76.21万,2401.81万,3.24亿,2.20亿,2999.92万,2929.05万,1668.06万,2.96亿,2767.10万,,False,False,265.71万,False,3000.00万,3265.71万,1.18亿,1980.00万,False,600.00万,1.44亿,-1.11亿,,2061.74万,False,2.35亿,234.23万,2.58亿,2.22亿,2269.97万,False,False,2.45亿,1347.00万,False,-7032.07万,False,False,,,3819.42万,91.91万,1664.80万,19.14万,111.99万,-8.90万,False,False,24.95万,-132.73万,False,False,-3662.20万,-1530.66万,2480.99万,False,2767.10万,,False,,2.15亿,2.85亿,-7032.07万
2003-09-30,,-4435.36万,1626.07万,-5887.68万,-173.74万,False,,,2.27亿,76.84万,2181.31万,2.49亿,1.54亿,2197.69万,2480.20万,3247.27万,2.33亿,1626.07万,,False,False,74.93万,False,5000.97万,5075.90万,8917.63万,1980.00万,False,65.96万,1.10亿,-5887.68万,,False,False,2.34亿,182.88万,2.36亿,2.16亿,2176.81万,False,8100.00,2.38亿,-173.74万,False,-4435.36万,False,False,,,2596.07万,118.00万,1233.24万,13.70万,29.02万,-9.22万,False,False,47.09万,-132.71万,False,False,-379.40万,-1481.73万,-327.14万,False,1626.07万,,False,,2.41亿,2.85亿,-4435.36万
2003-06-30,,-5538.64万,492.24万,-5379.91万,-650.97万,False,,,1.42亿,76.84万,1194.09万,1.54亿,9941.35万,1525.57万,1447.73万,2035.97万,1.50亿,492.24万,,False,False,74.10万,False,9700.00,75.07万,5454.98万,False,False,False,5454.98万,-5379.91万,,False,False,1.73亿,115.80万,1.74亿,1.60亿,2087.32万,False,4600.00,1.81亿,-650.97万,False,-5538.64万,False,False,,,1765.36万,110.84万,796.96万,8.71万,19.39万,False,-8.35万,False,13.21万,-89.31万,False,False,-47.32万,-2996.98万,989.18万,False,492.24万,,False,,2.30亿,2.85亿,-5538.64万
2003-03-31,,-5452.02万,-1706.79万,-4003.17万,257.95万,False,,,5381.83万,False,632.73万,6014.56万,5261.44万,707.14万,632.95万,1119.81万,7721.35万,-1706.79万,,False,False,1.00万,False,False,1.00万,4004.17万,False,False,False,4004.17万,-4003.17万,,False,False,1.13亿,35.97万,1.13亿,1.11亿,32.86万,False,1600.00,1.11亿,257.95万,False,-5452.02万,False,False,,,770.94万,10.03万,394.82万,4.35万,12.32万,-6400.00,False,False,-4600.00,-88.35万,False,False,-138.97万,-2210.22万,-468.55万,False,-1706.79万,,False,,2.31亿,2.85亿,-5452.02万
2002-12-31,,2.42亿,2981.04万,-1.50亿,3.62亿,False,,,2.19亿,254.70万,3786.16万,2.60亿,1.59亿,1840.65万,2731.08万,2542.15万,2.30亿,2981.04万,,193.49万,False,7.00万,False,False,200.49万,6072.45万,9079.13万,False,False,1.52亿,-1.50亿,,3.39亿,False,1.73亿,2027.59万,5.33亿,1.65亿,230.64万,False,372.86万,1.71亿,3.62亿,False,2.42亿,False,False,,,3086.88万,-83.81万,443.00万,16.14万,26.06万,17.55万,False,False,-93.02万,35.93万,False,False,-1292.27万,-335.93万,950.40万,-1.08万,2981.04万,,False,,2.85亿,4363.47万,2.42亿
2002-06-30,,2.93亿,2779.07万,-971.20万,2.75亿,False,,,1.00亿,False,2400.78万,1.24亿,6652.35万,807.86万,1020.17万,1190.23万,9670.61万,2779.07万,,False,False,False,False,12.00万,12.00万,397.84万,569.13万,False,16.23万,983.20万,-971.20万,,2.80亿,False,3233.00万,1917.54万,3.32亿,5072.00万,179.29万,False,371.78万,5623.07万,2.75亿,False,2.93亿,False,False,,,1674.03万,False,349.83万,7.76万,14.49万,False,False,False,138.75万,False,False,False,-33.75万,-1964.35万,2183.83万,-43.03万,2779.07万,,False,,3.37亿,4363.47万,2.93亿
2001-12-31,,1259.22万,4007.11万,-529.99万,-2217.90万,False,,,2.49亿,False,6261.40万,3.12亿,2.02亿,1333.94万,2578.03万,3072.21万,2.72亿,4007.11万,,False,False,False,False,False,False,537.19万,-7.20万,False,False,529.99万,-529.99万,,False,False,6465.00万,24.56万,6489.56万,7405.00万,1277.43万,False,25.03万,8707.46万,-2217.90万,False,1259.22万,False,False,,,3444.90万,-31.13万,632.64万,27.41万,3.53万,-9800.00,6000.00,False,521.78万,False,False,False,-361.92万,-406.12万,73.07万,4300.00,4007.11万,,False,,4363.47万,3104.25万,1259.22万
2000-12-31,,1350.59万,5633.77万,-1552.03万,-2731.15万,False,,,1.76亿,False,1686.61万,1.93亿,9395.57万,969.42万,2331.11万,926.01万,1.36亿,5633.77万,,False,False,False,False,False,False,1527.15万,24.88万,False,False,1552.03万,-1552.03万,,False,False,5600.00万,600.00,5600.06万,5203.00万,3128.16万,False,400.00,8331.21万,-2731.15万,False,1350.59万,False,False,,,2967.22万,157.02万,597.45万,50.50万,-6.57万,False,False,False,473.26万,False,False,False,-121.70万,-378.15万,1581.35万,230.03万,5633.77万,,False,,3104.25万,1753.66万,1350.59万
1999-12-31,,-305.07万,1220.05万,-760.87万,-764.25万,False,,,1.24亿,493.99万,46.12万,1.29亿,7775.48万,895.65万,2074.11万,953.57万,1.17亿,1220.05万,,False,7.52万,False,False,False,7.51万,743.52万,24.87万,False,False,768.38万,-760.87万,,False,False,5771.00万,False,5771.00万,6041.00万,491.66万,False,2.59万,6535.25万,-764.25万,False,-305.07万,False,False,,,2497.30万,716.33万,585.99万,24.05万,2.31万,11.77万,False,False,416.15万,False,False,False,643.47万,-3171.33万,-345.82万,-268.59万,1220.05万,,False,,1753.66万,2058.72万,-305.07万
