报告期,报表核心指标,*所有者权益（或股东权益）合计,*资产合计,*负债合计,*归属于母公司所有者权益合计,报表全部指标,流动资产,货币资金,交易性金融资产,应收票据及应收账款,其中：应收票据,应收账款,预付款项,其他应收款合计,其中：应收利息,其他应收款,存货,其他流动资产,总现金,流动资产合计,非流动资产,可供出售金融资产,持有至到期投资,长期股权投资,其他权益工具投资,其他非流动金融资产,投资性房地产,固定资产合计,其中：固定资产,固定资产清理,在建工程合计,其中：在建工程,工程物资,无形资产,商誉,长期待摊费用,递延所得税资产,其他非流动资产,非流动资产合计,资产合计,流动负债,短期借款,以公允价值计量且其变动计入当期损益的金融负债,应付票据及应付账款,其中：应付票据,应付账款,预收款项,合同负债,应付职工薪酬,应交税费,其他应付款合计,其中：应付利息,应付股利,其他应付款,一年内到期的非流动负债,其他流动负债,流动负债合计,非流动负债,长期借款,应付债券,长期应付款合计,其中：长期应付款,专项应付款,预计负债,递延所得税负债,递延收益-非流动负债,其他非流动负债,非流动负债合计,负债合计,所有者权益（或股东权益）,实收资本（或股本）,资本公积,减：库存股,其他综合收益,盈余公积,未分配利润,归属于母公司所有者权益合计,少数股东权益,所有者权益（或股东权益）合计,负债和所有者权益（或股东权益）合计
2025-09-30,,513.99亿,739.57亿,225.58亿,424.05亿,,,65.27亿,15.26亿,8.74亿,3.29亿,5.45亿,7255.69万,4817.92万,False,False,26.44亿,16.33亿,80.53亿,141.99亿,,False,False,263.62亿,31.85亿,False,False,122.69亿,False,False,80.36亿,False,False,49.00亿,4.16亿,2363.30万,34.79亿,7312.34万,597.58亿,739.57亿,,11.91亿,800.31万,15.38亿,False,15.38亿,False,1278.39万,1.69亿,1.52亿,2.18亿,False,118.49万,False,9.62亿,2.19亿,44.70亿,,136.83亿,5.99亿,False,False,False,6.75亿,20.76亿,5840.06万,False,180.88亿,225.58亿,,16.41亿,237.53亿,1.58亿,7.45亿,8.32亿,155.62亿,424.05亿,89.94亿,513.99亿,739.57亿
2025-06-30,,504.62亿,736.01亿,231.39亿,419.11亿,,,71.86亿,16.60亿,7.35亿,3.50亿,3.84亿,7722.48万,6188.70万,False,4944.81万,25.46亿,19.96亿,88.46亿,148.68亿,,False,False,264.21亿,25.99亿,False,False,124.22亿,124.22亿,False,73.54亿,73.54亿,False,48.71亿,4.16亿,2463.76万,34.74亿,9680.08万,587.32亿,736.01亿,,13.06亿,991.13万,16.21亿,False,16.21亿,False,921.48万,1.54亿,1.45亿,1.58亿,False,118.49万,1.57亿,17.87亿,2.47亿,54.37亿,,140.00亿,False,False,False,False,7.18亿,19.00亿,4951.24万,False,177.01亿,231.39亿,,16.41亿,237.44亿,1.58亿,4.07亿,8.32亿,154.16亿,419.11亿,85.51亿,504.62亿,736.01亿
2025-03-31,,493.98亿,719.32亿,225.34亿,417.93亿,,,81.97亿,10.17亿,7.91亿,2.87亿,5.04亿,5813.79万,5663.58万,False,False,23.67亿,17.06亿,92.14亿,150.00亿,,False,False,263.83亿,24.89亿,False,False,124.05亿,False,False,62.71亿,False,False,45.13亿,4.16亿,1323.90万,32.93亿,1.01亿,569.31亿,719.32亿,,17.38亿,False,16.44亿,8200.00万,15.62亿,False,2249.48万,1.86亿,1.82亿,1.19亿,False,118.49万,False,16.10亿,4.43亿,59.45亿,,132.60亿,False,False,False,False,6.34亿,16.25亿,5389.50万,False,165.89亿,225.34亿,,16.41亿,237.35亿,1.58亿,2.79亿,8.32亿,154.36亿,417.93亿,76.04亿,493.98亿,719.32亿
2024-12-31,,491.82亿,686.78亿,194.96亿,418.93亿,,,57.67亿,6.55亿,7.90亿,2.56亿,5.35亿,7011.12万,5327.76万,False,False,22.89亿,17.47亿,64.22亿,128.50亿,,False,False,262.51亿,27.30亿,False,False,124.80亿,False,False,51.37亿,False,False,42.99亿,4.16亿,1363.09万,32.55亿,1.54亿,558.28亿,686.78亿,,13.14亿,False,16.01亿,8200.00万,15.19亿,False,1198.55万,2.27亿,2.28亿,1.31亿,False,118.49万,False,11.00亿,4.29亿,50.41亿,,112.03亿,False,False,False,False,6.21亿,15.17亿,5607.81万,False,144.54亿,194.96亿,,16.41亿,237.69亿,2.00亿,5.30亿,8.32亿,152.93亿,418.93亿,72.90亿,491.82亿,686.78亿
2024-09-30,,503.54亿,703.55亿,200.02亿,435.08亿,,,62.76亿,4.72亿,14.94亿,2.03亿,12.92亿,6035.88万,4682.78万,False,False,25.83亿,17.65亿,67.47亿,136.32亿,,False,False,256.12亿,23.55亿,False,False,123.05亿,False,False,67.37亿,False,False,45.38亿,4.16亿,1410.35万,33.21亿,1.72亿,567.23亿,703.55亿,,14.31亿,False,17.33亿,254.17万,17.31亿,False,3278.08万,1.58亿,3.62亿,1955.32万,False,118.49万,False,7.15亿,4.12亿,48.64亿,,114.28亿,False,False,False,False,7.16亿,17.14亿,1.09亿,False,151.38亿,200.02亿,,16.41亿,237.62亿,2.00亿,-5396.45万,8.32亿,174.96亿,435.08亿,68.45亿,503.54亿,703.55亿
2024-06-30,,501.15亿,692.64亿,191.49亿,445.80亿,,,53.74亿,6.96亿,17.66亿,9462.05万,16.71亿,6629.62万,4673.35万,False,3761.20万,29.19亿,18.88亿,60.70亿,135.77亿,,False,False,258.07亿,24.64亿,False,False,107.08亿,107.08亿,False,75.12亿,75.12亿,False,41.57亿,4.16亿,1484.88万,32.51亿,1.20亿,556.86亿,692.64亿,,5.35亿,False,17.98亿,9472.97万,17.03亿,False,1079.98万,1.32亿,1.86亿,2.46亿,False,2.23亿,2354.21万,7.02亿,3.33亿,39.42亿,,118.17亿,False,False,False,False,6.58亿,14.78亿,1.07亿,False,152.06亿,191.49亿,,16.41亿,237.53亿,2.00亿,5.34亿,8.32亿,179.92亿,445.80亿,55.35亿,501.15亿,692.64亿
2024-03-31,,528.25亿,699.48亿,171.23亿,478.18亿,,,92.87亿,1.08亿,14.17亿,7321.46万,13.44亿,6051.54万,1.67亿,False,False,29.94亿,19.75亿,93.95亿,166.36亿,,False,False,253.46亿,24.74亿,False,False,106.15亿,False,False,64.87亿,False,False,35.48亿,4.16亿,1556.34万,30.99亿,1.32亿,533.12亿,699.48亿,,3.35亿,False,17.03亿,1.95亿,15.07亿,False,7366.41万,1.73亿,21.18亿,2806.02万,False,118.49万,False,6.34亿,5882.76万,51.24亿,,92.68亿,False,False,False,False,3.21亿,12.68亿,5499.96万,False,120.00亿,171.23亿,,16.41亿,237.44亿,2.00亿,2.61亿,8.32亿,215.16亿,478.18亿,50.07亿,528.25亿,699.48亿
2023-12-31,,542.37亿,732.28亿,189.92亿,515.20亿,,,95.89亿,1482.42万,43.82亿,6580.51万,43.16亿,8509.98万,1.82亿,False,8325.88万,31.51亿,21.46亿,96.03亿,196.29亿,,False,False,268.74亿,15.83亿,False,False,90.80亿,90.80亿,False,72.87亿,72.87亿,False,38.40亿,4.16亿,1620.71万,31.71亿,6199.88万,535.99亿,732.28亿,,3.37亿,False,25.20亿,2.09亿,23.11亿,False,3744.83万,1.98亿,23.94亿,3.80亿,False,3.49亿,3104.31万,7.53亿,4041.06万,66.60亿,,95.45亿,False,False,False,False,3.24亿,12.27亿,5634.38万,False,123.32亿,189.92亿,,16.41亿,237.37亿,2.00亿,7645.65万,8.32亿,254.13亿,515.20亿,27.17亿,542.37亿,732.28亿
2023-09-30,,516.63亿,744.32亿,227.68亿,526.10亿,,,81.24亿,False,70.62亿,6738.05万,69.95亿,8599.42万,3.60亿,False,False,33.76亿,22.04亿,81.24亿,224.22亿,,False,False,272.99亿,16.69亿,False,False,80.67亿,False,False,59.30亿,False,False,41.47亿,4.16亿,204.17万,30.19亿,9675.28万,520.10亿,744.32亿,,112.88万,False,27.41亿,3.65亿,23.76亿,False,8129.44万,1.14亿,69.11亿,4521.20万,False,118.49万,False,3.96亿,3531.40万,103.25亿,,93.73亿,False,False,False,False,2.79亿,14.45亿,5664.80万,False,124.43亿,227.68亿,,16.41亿,236.39亿,2.00亿,4.57亿,8.32亿,262.14亿,526.10亿,-9.47亿,516.63亿,744.32亿
2023-06-30,,549.32亿,769.45亿,220.13亿,511.91亿,,,106.46亿,False,85.72亿,1.28亿,84.44亿,1.10亿,4.75亿,False,1.05亿,31.26亿,20.26亿,106.46亿,273.25亿,,False,False,266.65亿,18.41亿,False,False,81.25亿,81.25亿,False,53.19亿,53.19亿,False,41.22亿,4.16亿,316.02万,27.38亿,1.09亿,496.20亿,769.45亿,,False,False,29.00亿,4.78亿,24.22亿,False,7742.19万,1.05亿,59.94亿,5.06亿,False,4.92亿,1405.91万,2.81亿,4064.65万,99.04亿,,99.15亿,False,False,False,False,3.01亿,15.21亿,5813.97万,False,121.09亿,220.13亿,,16.41亿,233.14亿,2.00亿,10.02亿,8.32亿,245.68亿,511.91亿,37.41亿,549.32亿,769.45亿
2023-03-31,,557.43亿,750.58亿,193.15亿,529.83亿,,,119.11亿,False,78.85亿,3.47亿,75.39亿,8847.78万,6289.47万,False,False,31.55亿,13.61亿,119.11亿,279.99亿,,False,False,266.59亿,18.93亿,False,False,79.14亿,False,False,41.28亿,False,False,37.31亿,4.16亿,350.00万,19.14亿,1.18亿,470.59亿,750.58亿,,4541.46万,False,29.06亿,3.58亿,25.48亿,False,2.18亿,1.22亿,50.60亿,1380.91万,False,False,False,7160.16万,1.25亿,85.61亿,,86.54亿,False,False,False,False,2.69亿,14.70亿,5806.72万,False,107.53亿,193.15亿,,16.41亿,233.04亿,2.00亿,-5.45亿,8.32亿,279.13亿,529.83亿,27.60亿,557.43亿,750.58亿
2022-12-31,,530.68亿,708.46亿,177.79亿,484.94亿,,,124.61亿,False,78.93亿,5.16亿,73.77亿,7758.68万,8098.83万,False,6492.95万,21.44亿,7.38亿,124.61亿,259.90亿,,False,False,255.82亿,19.53亿,False,False,81.33亿,81.33亿,False,36.69亿,36.69亿,False,35.79亿,4.16亿,386.06万,11.62亿,7675.57万,448.57亿,708.46亿,,9892.28万,False,27.11亿,1.86亿,25.26亿,False,3.51亿,1.48亿,39.67亿,1888.94万,False,False,1888.94万,7445.27万,1.85亿,75.55亿,,82.63亿,False,False,False,False,2.60亿,13.30亿,5944.70万,False,102.24亿,177.79亿,,16.41亿,232.97亿,2.00亿,-1.53亿,8.32亿,230.38亿,484.94亿,45.74亿,530.68亿,708.46亿
2022-09-30,,468.90亿,629.66亿,160.76亿,410.37亿,,,67.44亿,193.58万,56.69亿,6.64亿,50.05亿,5651.25万,8.91亿,False,False,21.33亿,1.34亿,67.46亿,199.22亿,,False,False,255.55亿,15.72亿,600.00万,False,47.25亿,False,False,61.94亿,False,False,33.55亿,4.16亿,347.97万,8.51亿,1.15亿,430.43亿,629.66亿,,1.90亿,False,20.43亿,7690.06万,19.66亿,False,6.33亿,8480.32万,41.62亿,1078.62万,False,False,False,61.78亿,2.94亿,135.96亿,,6.00亿,False,False,False,False,2.50亿,12.86亿,6933.74万,False,24.79亿,160.76亿,,16.41亿,233.00亿,2.00亿,5.29亿,4.67亿,152.59亿,410.37亿,58.53亿,468.90亿,629.66亿
2022-06-30,,289.05亿,530.81亿,241.76亿,231.30亿,,,44.05亿,False,41.03亿,8.42亿,32.61亿,6945.84万,9.18亿,False,7241.02万,15.04亿,1.56亿,44.05亿,139.40亿,,False,False,226.42亿,14.47亿,600.00万,False,45.73亿,45.73亿,False,60.66亿,60.66亿,False,32.23亿,4.16亿,385.25万,4.02亿,1.05亿,391.40亿,530.81亿,,25.67亿,14.79万,16.73亿,6461.00万,16.09亿,False,9269.36万,7074.83万,26.36亿,12.70亿,False,False,12.70亿,57.99亿,1.47亿,142.55亿,,83.28亿,False,False,False,False,2.51亿,10.15亿,7011.21万,False,99.21亿,241.76亿,,14.77亿,122.00亿,False,-6.59亿,4.67亿,96.06亿,231.30亿,57.74亿,289.05亿,530.81亿
2022-03-31,,225.01亿,467.27亿,242.26亿,165.61亿,,,24.86亿,300.00,22.54亿,5.26亿,17.27亿,1694.57万,8379.20万,False,False,11.09亿,2.67亿,24.86亿,72.30亿,,False,False,222.17亿,22.82亿,False,False,47.79亿,False,False,60.44亿,False,False,32.26亿,4.16亿,422.54万,1.95亿,8015.02万,394.97亿,467.27亿,,25.93亿,8.76亿,11.13亿,4990.00万,10.63亿,False,3.21亿,8409.91万,13.97亿,11.96亿,False,False,False,41.38亿,2.06亿,119.24亿,,106.58亿,False,False,False,False,3.16亿,10.12亿,7167.34万,False,123.02亿,242.26亿,,14.77亿,122.93亿,False,-3.20亿,4.67亿,26.05亿,165.61亿,59.40亿,225.01亿,467.27亿
2021-12-31,,181.52亿,441.65亿,260.14亿,127.61亿,,,19.87亿,409.73万,10.96亿,4.48亿,6.48亿,1987.58万,1.81亿,False,1.39亿,8.72亿,2.96亿,19.91亿,64.70亿,,False,False,225.92亿,6.96亿,False,False,40.31亿,40.31亿,False,64.03亿,64.03亿,False,30.96亿,4.16亿,451.73万,1.16亿,9287.73万,376.95亿,441.65亿,,21.75亿,3.92亿,10.33亿,1.24亿,9.10亿,False,1.64亿,9192.89万,8.79亿,11.80亿,False,False,11.80亿,76.38亿,2.05亿,137.60亿,,106.28亿,False,False,False,False,3.40亿,9.79亿,7257.05万,False,122.53亿,260.14亿,,14.77亿,122.89亿,False,-7.86亿,4.67亿,-7.22亿,127.61亿,53.90亿,181.52亿,441.65亿
2021-09-30,,168.09亿,426.55亿,258.47亿,132.01亿,,,12.23亿,1331.06万,9.27亿,3.23亿,6.03亿,3704.09万,4617.06万,False,False,9.10亿,3516.29万,12.37亿,36.10亿,,False,False,231.65亿,7.49亿,False,False,40.68亿,False,False,64.72亿,False,False,30.94亿,4.16亿,138.14万,7.65亿,6639.51万,390.45亿,426.55亿,,18.57亿,5.64亿,8.66亿,9060.00万,7.75亿,False,5.09亿,6484.88万,3.74亿,11.71亿,False,False,False,13.60亿,2.53亿,70.20亿,,151.93亿,19.36亿,False,False,False,3.43亿,10.47亿,7012.90万,False,188.26亿,258.47亿,,14.77亿,141.08亿,False,-6.15亿,3.88亿,-21.92亿,132.01亿,36.08亿,168.09亿,426.55亿
2021-06-30,,71.69亿,413.49亿,341.80亿,49.98亿,,,6.98亿,2268.50万,7.29亿,3.27亿,4.02亿,5007.61万,3200.91万,False,3200.91万,7.94亿,1817.73万,7.21亿,26.16亿,,False,False,230.99亿,5042.98万,1145.30万,False,39.66亿,39.66亿,False,68.17亿,68.17亿,False,31.75亿,4.16亿,417.31万,8.72亿,5996.99万,387.33亿,413.49亿,,27.20亿,4.10亿,7.74亿,5599.21万,7.18亿,False,1.18亿,7480.14万,3.52亿,11.59亿,False,False,11.59亿,212.22亿,1.80亿,270.08亿,,35.14亿,19.27亿,False,False,False,3.52亿,10.52亿,7383.23万,False,71.72亿,341.80亿,,14.77亿,66.03亿,False,-8.69亿,3.88亿,-26.36亿,49.98亿,21.71亿,71.69亿,413.49亿
2021-03-31,,72.23亿,428.31亿,356.09亿,49.38亿,,,11.91亿,4015.07万,5.95亿,3.20亿,2.75亿,3041.99万,3278.37万,False,False,8.55亿,2801.10万,12.31亿,29.75亿,,False,False,236.83亿,5042.98万,2458.73万,False,41.46亿,False,False,68.81亿,False,False,32.73亿,4.16亿,299.11万,10.57亿,5648.21万,398.57亿,428.31亿,,27.76亿,6.82亿,9.72亿,1.78亿,7.94亿,False,1.95亿,8447.98万,2.71亿,11.43亿,False,False,False,214.76亿,2.33亿,278.33亿,,38.94亿,19.59亿,533.52万,False,False,4.08亿,11.70亿,7426.15万,False,77.76亿,356.09亿,,14.77亿,67.69亿,False,-7.60亿,3.88亿,-29.70亿,49.38亿,22.84亿,72.23亿,428.31亿
2020-12-31,,74.33亿,420.36亿,346.03亿,52.06亿,,,9.94亿,False,6.76亿,4.44亿,2.33亿,1089.74万,3219.77万,False,2482.45万,8.51亿,1.59亿,9.94亿,28.54亿,,False,False,234.65亿,5042.98万,7100.86万,False,42.06亿,False,False,68.11亿,68.11亿,False,32.73亿,4.16亿,345.49万,8.15亿,7032.73万,391.81亿,420.36亿,,27.37亿,5.61亿,10.23亿,2.06亿,8.18亿,False,1.58亿,9170.16万,2.47亿,6.93亿,False,False,6.93亿,209.58亿,3.44亿,268.13亿,,43.86亿,19.43亿,555.32万,False,False,4.09亿,9.44亿,7398.03万,False,77.90亿,346.03亿,,14.77亿,67.69亿,False,-7.43亿,3.88亿,-27.17亿,52.06亿,22.26亿,74.33亿,420.36亿
2020-09-30,,79.93亿,426.71亿,346.77亿,58.54亿,,,12.95亿,False,6758.32万,False,6758.32万,2362.14万,1.96亿,63.34万,False,8.98亿,1.57亿,12.95亿,29.63亿,,False,False,245.28亿,5042.98万,2.39亿,False,40.15亿,False,False,67.13亿,False,False,31.58亿,4.16亿,367.09万,5.18亿,6768.71万,397.08亿,426.71亿,,31.32亿,2.68亿,9.33亿,1.63亿,7.71亿,False,1.94亿,7050.88万,2.40亿,3.87亿,False,False,False,133.05亿,False,185.30亿,,130.26亿,20.26亿,639.88万,False,False,3.36亿,6.53亿,7495.94万,False,161.48亿,346.77亿,,14.77亿,67.71亿,False,-8.25亿,3.78亿,-19.77亿,58.54亿,21.39亿,79.93亿,426.71亿
2020-06-30,,86.42亿,445.22亿,358.81亿,63.20亿,,,18.74亿,False,3.31亿,False,3.31亿,2577.55万,3576.88万,30.36万,2878.98万,9.15亿,8530.77万,18.74亿,36.03亿,,False,False,256.02亿,5042.98万,3.86亿,False,40.26亿,40.26亿,False,66.86亿,66.86亿,False,31.36亿,4.16亿,388.68万,5.44亿,6812.93万,409.19亿,445.22亿,,34.27亿,2.24亿,11.99亿,2.92亿,9.07亿,False,1.45亿,6841.62万,2.34亿,3.70亿,False,False,3.70亿,136.80亿,False,193.46亿,,133.61亿,21.04亿,752.08万,752.08万,False,3.35亿,6.23亿,7553.54万,False,165.34亿,358.81亿,,14.77亿,67.71亿,False,-7.65亿,3.78亿,-15.70亿,63.20亿,23.22亿,86.42亿,445.22亿
2020-03-31,,79.06亿,432.30亿,353.24亿,60.81亿,,,12.45亿,False,6.17亿,False,6.17亿,1665.36万,1.67亿,107.45万,False,9.26亿,8177.26万,12.45亿,33.46亿,,False,False,256.73亿,5042.98万,5.78亿,False,37.71亿,False,False,58.58亿,False,False,28.46亿,4.16亿,410.27万,6.10亿,7721.86万,398.83亿,432.30亿,,28.48亿,3.11亿,12.84亿,3.29亿,9.54亿,False,1.73亿,6889.29万,4.10亿,4.07亿,False,False,False,136.39亿,False,191.40亿,,131.36亿,21.04亿,3333.78万,False,False,2.94亿,5.19亿,7289.50万,False,161.84亿,353.24亿,,14.77亿,67.71亿,False,-11.99亿,3.78亿,-13.74亿,60.81亿,18.24亿,79.06亿,432.30亿
2019-12-31,,89.09亿,465.97亿,376.87亿,69.63亿,,,44.39亿,4786.49万,3.52亿,False,3.52亿,1371.83万,1.52亿,False,3123.54万,9.17亿,7685.72万,44.87亿,64.43亿,,False,False,251.53亿,5042.98万,2.89亿,False,41.84亿,41.84亿,False,63.38亿,63.38亿,False,31.16亿,4.16亿,431.87万,5.25亿,7860.99万,401.54亿,465.97亿,,31.91亿,1.40亿,17.72亿,5.73亿,11.99亿,1.77亿,False,7938.95万,5.49亿,2470.87万,False,False,2470.87万,164.03亿,False,223.37亿,,122.55亿,20.71亿,3839.68万,3839.68万,False,3.27亿,5.55亿,7524.66万,False,153.51亿,376.87亿,,14.77亿,67.71亿,False,-8.16亿,3.78亿,-8.74亿,69.63亿,19.46亿,89.09亿,465.97亿
2019-09-30,,120.93亿,488.21亿,367.28亿,101.63亿,,,17.38亿,1.87亿,7.27亿,3.95亿,3.32亿,2787.57万,3881.19万,False,False,8.59亿,8856.39万,19.25亿,36.66亿,,False,False,311.08亿,5042.98万,False,False,16.49亿,False,False,80.16亿,False,False,29.89亿,4.16亿,False,7.66亿,1.61亿,451.55亿,488.21亿,,24.38亿,6698.45万,14.99亿,4.61亿,10.38亿,1.29亿,False,5988.79万,2.50亿,2.39亿,2.23亿,181.60万,False,6.52亿,False,53.33亿,,282.08亿,23.95亿,False,False,False,2.38亿,4.73亿,5340.64万,False,313.95亿,367.28亿,,11.42亿,42.05亿,False,-8.37亿,3.26亿,53.01亿,101.63亿,19.29亿,120.93亿,488.21亿
2019-06-30,,119.27亿,467.77亿,348.50亿,101.30亿,,,17.68亿,7062.00万,8.53亿,3.15亿,5.38亿,3115.64万,4971.46万,False,4971.46万,7.26亿,1.24亿,18.38亿,36.22亿,,False,False,303.71亿,5042.98万,False,False,16.50亿,16.50亿,False,68.83亿,68.83亿,False,30.21亿,4.16亿,False,5.92亿,1.71亿,431.54亿,467.77亿,,25.33亿,5705.73万,13.33亿,3.89亿,9.44亿,7325.86万,False,5277.86万,2.25亿,1.18亿,6980.74万,195.74万,4659.82万,6.51亿,False,50.44亿,,267.20亿,23.34亿,False,False,False,2.25亿,4.48亿,5186.90万,False,298.06亿,348.50亿,,11.42亿,42.03亿,2588.72万,-8.95亿,3.26亿,53.55亿,101.30亿,17.97亿,119.27亿,467.77亿
2019-03-31,,120.99亿,451.95亿,330.96亿,101.45亿,,,17.63亿,1181.95万,9.79亿,3.59亿,6.20亿,2081.72万,2.47亿,False,False,5.88亿,3.68亿,17.75亿,39.78亿,,False,False,298.32亿,False,False,False,16.54亿,False,False,57.27亿,False,False,30.11亿,4.16亿,False,4.21亿,1.56亿,412.18亿,451.95亿,,21.71亿,2126.45万,11.37亿,False,False,3343.98万,False,5508.16万,3.90亿,2.55亿,2.12亿,138.17万,False,6.65亿,False,47.28亿,,253.98亿,22.91亿,False,False,False,1.94亿,4.07亿,5265.83万,False,283.68亿,330.96亿,,11.42亿,42.08亿,2704.00万,-10.05亿,3.26亿,54.78亿,101.45亿,19.54亿,120.99亿,451.95亿
2018-12-31,,119.37亿,446.34亿,326.97亿,101.36亿,,,19.43亿,1360.91万,11.71亿,5.92亿,5.78亿,2038.22万,4424.41万,False,4424.41万,5.61亿,1.15亿,19.57亿,38.68亿,,False,False,304.08亿,False,False,False,16.80亿,16.80亿,False,46.99亿,46.99亿,False,30.54亿,4.16亿,False,2.80亿,2.28亿,407.66亿,446.34亿,,19.41亿,929.22万,11.29亿,2.31亿,8.98亿,7153.58万,False,6772.66万,3.96亿,4206.75万,False,138.17万,4068.58万,7.31亿,False,43.87亿,,253.26亿,23.28亿,False,False,False,1.96亿,3.80亿,5344.77万,False,283.09亿,326.97亿,,11.42亿,42.03亿,2704.00万,-8.96亿,3.26亿,53.67亿,101.36亿,18.01亿,119.37亿,446.34亿
2018-09-30,,119.65亿,207.62亿,87.97亿,101.96亿,,,35.84亿,97.96万,12.97亿,7.82亿,5.15亿,6339.65万,4445.61万,False,False,5.01亿,10.69亿,35.85亿,65.59亿,,17.35亿,False,6.98亿,False,False,False,13.91亿,13.91亿,False,43.33亿,43.33亿,False,29.13亿,4.16亿,False,1.74亿,25.43亿,142.03亿,207.62亿,,16.29亿,1303.85万,11.95亿,False,False,7565.36万,False,7033.53万,3.07亿,1.36亿,False,False,False,273.23万,1648.36万,34.44亿,,18.79亿,29.30亿,False,False,False,1.26亿,3.61亿,5326.21万,False,53.54亿,87.97亿,,11.42亿,42.01亿,5395.79万,-2.94亿,1.05亿,50.77亿,101.96亿,17.69亿,119.65亿,207.62亿
2018-06-30,,113.10亿,187.15亿,74.05亿,97.36亿,,,28.27亿,221.18万,16.02亿,12.30亿,3.72亿,3957.23万,5569.60万,536.37万,5033.23万,4.56亿,6.13亿,28.29亿,55.95亿,,17.54亿,False,6.98亿,False,False,False,13.82亿,13.82亿,False,34.70亿,34.70亿,False,28.69亿,4.16亿,False,1.80亿,23.51亿,131.20亿,187.15亿,,6.71亿,1423.09万,7.59亿,2.43亿,5.16亿,5308.24万,False,6087.67万,3.71亿,9862.20万,3089.94万,274.30万,6497.96万,177.35万,1213.03万,20.42亿,,19.65亿,28.51亿,False,False,False,1.23亿,3.68亿,5397.64万,False,53.64亿,74.05亿,,11.42亿,42.03亿,5395.79万,-3.73亿,1.05亿,46.97亿,97.36亿,15.74亿,113.10亿,187.15亿
2018-03-31,,106.92亿,179.76亿,72.84亿,92.38亿,,,49.02亿,6500.00,16.84亿,12.61亿,4.23亿,4051.26万,8920.74万,2362.24万,5104.85万,4.63亿,8.77亿,49.02亿,80.55亿,,17.05亿,False,6.53亿,False,False,False,14.02亿,14.02亿,False,26.10亿,26.10亿,False,28.65亿,4.16亿,False,1.67亿,1.02亿,99.21亿,179.76亿,,6.50亿,4342.15万,6.32亿,1.87亿,4.45亿,1.06亿,False,6325.70万,4.88亿,1.26亿,5340.11万,143.98万,7162.58万,2.18亿,1273.95万,23.40亿,,16.34亿,27.52亿,False,False,False,1.21亿,3.79亿,5369.08万,False,49.43亿,72.84亿,,11.42亿,42.00亿,5395.79万,-4.45亿,1.05亿,42.76亿,92.38亿,14.54亿,106.92亿,179.76亿
2017-12-31,,106.35亿,178.40亿,72.05亿,90.70亿,,,55.24亿,3.52万,16.11亿,12.86亿,3.24亿,1904.49万,7843.83万,2271.81万,4026.33万,4.77亿,1.56亿,55.24亿,78.65亿,,21.40亿,False,6.60亿,False,False,False,14.67亿,14.67亿,False,19.51亿,19.51亿,False,30.14亿,4.16亿,False,2.00亿,1.26亿,99.75亿,178.40亿,,8.42亿,265.78万,6.74亿,1.08亿,5.66亿,1.92亿,False,9124.89万,3.98亿,9775.80万,2577.96万,143.98万,7053.86万,2.27亿,603.93万,25.30亿,,14.33亿,25.27亿,False,False,False,1.27亿,5.45亿,4039.52万,False,46.75亿,72.05亿,,11.42亿,41.90亿,5395.79万,5978.60万,1.05亿,36.16亿,90.70亿,15.65亿,106.35亿,178.40亿
2017-09-30,,83.33亿,143.23亿,59.90亿,67.25亿,,,28.23亿,4859.37万,14.27亿,11.71亿,2.56亿,6281.12万,5833.96万,1898.03万,2524.32万,4.54亿,3.88亿,28.72亿,52.62亿,,20.38亿,False,5.59亿,False,False,False,15.05亿,15.05亿,False,12.84亿,12.84亿,False,30.56亿,4.16亿,False,2.03亿,False,90.61亿,143.23亿,,14.14亿,9071.57万,5.14亿,5995.46万,4.54亿,8482.33万,False,8759.27万,3.14亿,1.59亿,5515.83万,215.04万,1.02亿,2.29亿,5.03亿,33.96亿,,12.69亿,5.99亿,False,False,False,1.23亿,5.54亿,4609.25万,False,25.95亿,59.90亿,,9.94亿,26.60亿,8093.68万,4779.84万,5977.56万,30.35亿,67.25亿,16.08亿,83.33亿,143.23亿
2017-06-30,,69.88亿,123.98亿,54.10亿,55.14亿,,,22.94亿,4968.54万,16.01亿,12.66亿,3.35亿,6704.35万,6257.10万,1536.72万,4720.37万,4.65亿,1.35亿,23.43亿,46.74亿,,12.34亿,False,5.52亿,False,False,False,14.73亿,14.73亿,False,8.53亿,8.53亿,False,29.78亿,4.16亿,False,2.18亿,False,77.24亿,123.98亿,,12.81亿,6488.52万,4.20亿,7150.84万,3.49亿,1.86亿,False,6783.22万,1.92亿,1.91亿,4430.47万,215.04万,1.45亿,3.75亿,5.04亿,32.83亿,,10.06亿,5.99亿,False,False,False,1.29亿,3.46亿,4398.37万,False,21.27亿,54.10亿,,9.94亿,26.54亿,8147.30万,-5.61亿,5977.56万,24.41亿,55.14亿,14.73亿,69.88亿,123.98亿
2017-03-31,,66.13亿,119.55亿,53.42亿,52.47亿,,,17.17亿,31.53万,14.52亿,13.13亿,1.39亿,5995.83万,5929.29万,141.66万,5787.63万,5.01亿,3.71亿,17.17亿,41.61亿,,13.08亿,False,5.52亿,False,False,False,14.87亿,14.87亿,False,5.80亿,5.80亿,False,29.90亿,4.16亿,False,2.08亿,2.53亿,77.94亿,119.55亿,,13.95亿,334.67万,3.85亿,7869.68万,3.06亿,2.20亿,False,6337.44万,2.77亿,1.10亿,2197.60万,60.95万,8704.85万,311.94万,5.02亿,29.57亿,,11.78亿,5.98亿,False,False,False,1.83亿,3.56亿,5444.59万,1224.28万,23.85亿,53.42亿,,9.94亿,26.47亿,8147.30万,-4.81亿,5977.56万,21.01亿,52.47亿,13.66亿,66.13亿,119.55亿
2016-12-31,,57.95亿,112.06亿,54.11亿,45.91亿,,,15.02亿,391.65万,14.27亿,12.18亿,2.09亿,3998.11万,5777.76万,214.92万,2410.73万,4.71亿,4.12亿,15.06亿,39.14亿,,10.96亿,False,5.56亿,False,False,False,14.80亿,14.80亿,False,3.57亿,3.57亿,False,28.55亿,4.16亿,False,2.78亿,2.54亿,72.92亿,112.06亿,,13.64亿,False,2.99亿,7280.82万,2.26亿,1.52亿,False,7832.41万,3.33亿,1.00亿,1317.83万,60.95万,8655.27万,1.44亿,4.98亿,29.69亿,,13.36亿,5.98亿,False,False,False,1.76亿,2.78亿,4026.46万,1082.21万,24.43亿,54.11亿,,9.94亿,26.41亿,8147.30万,-7.24亿,5977.56万,16.96亿,45.91亿,12.03亿,57.95亿,112.06亿
2016-09-30,,54.67亿,90.98亿,36.31亿,43.39亿,,,11.59亿,739.22万,11.92亿,10.14亿,1.78亿,2432.19万,1631.73万,129.10万,1502.63万,4.18亿,3.27亿,11.66亿,31.45亿,,False,False,5.51亿,False,False,False,15.09亿,15.09亿,False,2.29亿,2.29亿,False,28.94亿,4.16亿,False,1.12亿,2.42亿,59.53亿,90.98亿,,10.96亿,133.04万,2.43亿,7083.71万,1.72亿,9095.64万,False,6830.74万,3.20亿,1.06亿,341.94万,81.27万,1.01亿,1.35亿,False,20.61亿,,11.50亿,False,False,False,False,1.14亿,2.49亿,4516.05万,891.30万,15.70亿,36.31亿,,9.94亿,26.31亿,8147.30万,-6.57亿,3953.39万,14.07亿,43.39亿,11.28亿,54.67亿,90.98亿
2016-06-30,,48.38亿,81.89亿,33.51亿,38.16亿,,,8.81亿,683.68万,8.17亿,7.14亿,1.03亿,2862.24万,1830.26万,124.01万,1706.24万,4.45亿,1.07亿,8.88亿,23.03亿,,False,False,5.52亿,False,False,698.94万,15.36亿,15.36亿,False,1.78亿,1.78亿,False,28.11亿,4.16亿,False,1.47亿,2.38亿,58.86亿,81.89亿,,7.80亿,False,2.50亿,6525.40万,1.85亿,3773.59万,False,6304.84万,2.44亿,9281.51万,301.21万,81.27万,8899.03万,1.37亿,False,16.06亿,,13.42亿,False,False,False,False,1.09亿,2.42亿,4211.46万,732.17万,17.46亿,33.51亿,,9.94亿,26.03亿,8338.30万,-6.91亿,3953.39万,9.51亿,38.16亿,10.22亿,48.38亿,81.89亿
2016-03-31,,43.77亿,78.92亿,35.15亿,34.19亿,,,7.00亿,129.43万,7.41亿,6.68亿,7301.41万,2973.22万,1795.92万,73.24万,1722.68万,3.91亿,9904.82万,7.01亿,19.80亿,,False,False,5.37亿,False,False,709.08万,15.62亿,15.62亿,False,1.79亿,1.79亿,False,28.05亿,4.16亿,False,1.72亿,2.33亿,59.12亿,78.92亿,,8.41亿,190.10万,2.03亿,8288.27万,1.20亿,6302.64万,False,5767.90万,2.76亿,2.43亿,422.14万,1.47亿,9167.66万,6885.99万,False,17.55亿,,13.64亿,False,False,False,False,1.09亿,2.32亿,4617.44万,606.00万,17.60亿,35.15亿,,2.61亿,33.27亿,8419.57万,-6.95亿,3953.39万,5.66亿,34.19亿,9.59亿,43.77亿,78.92亿
2015-12-31,,40.72亿,75.16亿,34.44亿,30.72亿,,,5.76亿,173.48万,6.04亿,5.71亿,3243.40万,1690.47万,1199.77万,195.64万,1004.12万,4.00亿,1.00亿,5.78亿,17.11亿,,False,False,5.28亿,False,False,719.23万,15.68亿,15.68亿,False,1.67亿,1.67亿,False,26.69亿,4.16亿,False,2.19亿,2.32亿,58.06亿,75.16亿,,7.97亿,False,1.96亿,6342.97万,1.33亿,7228.83万,False,6011.67万,2.24亿,2.24亿,545.55万,False,2.19亿,7055.51万,False,16.45亿,,14.57亿,False,False,False,False,1.03亿,1.92亿,4091.78万,434.91万,17.99亿,34.44亿,,2.61亿,33.18亿,8419.57万,-7.49亿,3953.39万,2.82亿,30.72亿,10.00亿,40.72亿,75.16亿
2015-09-30,,37.81亿,73.92亿,36.11亿,28.99亿,,,8.75亿,False,4.65亿,2.03亿,2.63亿,2591.40万,2548.65万,81.87万,2466.77万,4.97亿,1.34亿,8.75亿,20.22亿,,False,False,5.25亿,False,False,729.38万,15.67亿,15.64亿,243.76万,1.59亿,1.59亿,False,25.03亿,4.16亿,False,1.86亿,False,53.70亿,73.92亿,,7.74亿,False,1.45亿,1119.67万,1.34亿,4179.49万,False,5744.46万,2.26亿,9103.19万,578.11万,False,8525.08万,5.15亿,False,18.51亿,,13.91亿,False,False,False,False,9815.63万,2.22亿,4564.06万,False,17.60亿,36.11亿,,2.61亿,33.05亿,False,-8.07亿,3078.69万,1.04亿,28.99亿,8.82亿,37.81亿,73.92亿
2015-06-30,,44.06亿,72.45亿,28.39亿,28.79亿,,,7.70亿,False,3.06亿,1.67亿,1.39亿,2711.40万,1820.76万,76.13万,1744.63万,4.83亿,1.16亿,7.70亿,17.19亿,,False,False,5.32亿,False,False,749.67万,16.34亿,16.32亿,243.76万,1.95亿,1.95亿,False,26.27亿,4.16亿,False,1.10亿,False,55.26亿,72.45亿,,9.26亿,False,1.51亿,False,1.51亿,1200.77万,False,5493.17万,1.64亿,5.66亿,324.30万,False,5.62亿,4.09亿,False,22.82亿,,2.59亿,False,False,False,False,1.03亿,1.50亿,4286.79万,False,5.57亿,28.39亿,,2.59亿,32.24亿,False,-7.21亿,3078.69万,8402.42万,28.79亿,15.27亿,44.06亿,72.45亿
2015-03-31,,45.66亿,63.18亿,17.52亿,28.69亿,,,8.61亿,False,3.40亿,1.90亿,1.51亿,4795.54万,1760.50万,272.58万,1487.92万,4.63亿,6539.66万,8.61亿,17.95亿,,61.06万,False,5.36亿,False,False,749.67万,9.81亿,9.78亿,228.81万,1.86亿,1.86亿,False,26.19亿,False,False,1.13亿,7539.82万,45.23亿,63.18亿,,6.41亿,False,9134.31万,False,9134.31万,445.39万,False,5265.61万,1.61亿,4.37亿,188.00万,False,4.35亿,7982.69万,False,14.67亿,,371.70万,False,False,False,False,1.02亿,1.38亿,3826.48万,False,2.85亿,17.52亿,,2.59亿,32.24亿,False,-7.20亿,3078.69万,7281.93万,28.69亿,16.97亿,45.66亿,63.18亿
2014-12-31,,47.44亿,61.29亿,13.84亿,29.57亿,,,4.36亿,False,3.15亿,1.52亿,1.63亿,3948.54万,1671.54万,228.01万,1443.53万,5.11亿,8600.56万,4.36亿,14.05亿,,61.06万,False,5.40亿,False,False,759.82万,10.28亿,10.26亿,228.81万,1.84亿,1.84亿,False,27.74亿,False,False,1.08亿,7706.63万,47.24亿,61.29亿,,5.96亿,False,1.12亿,False,1.12亿,488.11万,False,5376.47万,1.15亿,1.55亿,166.00万,False,1.53亿,8537.27万,False,11.21亿,,247.34万,False,False,False,False,1.08亿,1.19亿,3079.45万,False,2.63亿,13.84亿,,2.59亿,32.24亿,False,-6.01亿,3078.69万,4304.75万,29.57亿,17.87亿,47.44亿,61.29亿
2014-09-30,,49.93亿,66.18亿,16.25亿,29.70亿,,,7.23亿,False,2.61亿,1.41亿,1.20亿,2370.49万,1504.63万,229.79万,1274.84万,5.55亿,3366.28万,7.23亿,16.12亿,,118.76万,False,2.27亿,False,False,769.96万,10.60亿,10.58亿,228.81万,2.03亿,2.03亿,False,29.32亿,False,False,1.52亿,4.17亿,50.05亿,66.18亿,,5.94亿,False,1.17亿,False,1.17亿,482.91万,False,4766.76万,1.66亿,2.97亿,1873.87万,False,2.79亿,3245.76万,False,12.60亿,,8226.37万,False,5800.00万,False,5800.00万,8529.78万,1.04亿,False,3517.83万,3.65亿,16.25亿,,2.59亿,32.24亿,False,-4.82亿,3078.69万,-6298.61万,29.70亿,20.22亿,49.93亿,66.18亿
2014-06-30,,53.65亿,68.05亿,14.40亿,31.60亿,,,8.69亿,False,2.46亿,1.35亿,1.10亿,2033.00万,888.07万,318.10万,569.97万,5.76亿,2835.37万,8.69亿,17.49亿,,118.76万,1000.00万,2.42亿,False,False,780.11万,11.33亿,11.33亿,False,1.93亿,1.93亿,False,31.97亿,False,False,1.64亿,1.04亿,50.56亿,68.05亿,,5.61亿,False,1.19亿,False,1.19亿,316.85万,False,4674.27万,2.77亿,2245.75万,1713.98万,False,531.77万,3268.89万,False,10.62亿,,1.06亿,False,5800.00万,False,5800.00万,9262.63万,9028.30万,False,3053.50万,3.78亿,14.40亿,,2.59亿,32.22亿,False,False,3078.69万,-7003.45万,31.60亿,22.05亿,53.65亿,68.05亿
2014-03-31,,38.70亿,46.28亿,7.58亿,38.70亿,,,2.93亿,False,1.33亿,9584.70万,3749.30万,896.16万,264.41万,112.16万,152.25万,2.87亿,1889.03万,2.93亿,7.44亿,,118.16万,False,8398.07万,False,False,False,4.39亿,4.39亿,82.48万,1.24亿,1.24亿,False,1.33亿,False,False,709.60万,30.91亿,38.84亿,46.28亿,,3.51亿,False,5163.18万,False,5163.18万,425.75万,False,1194.34万,9498.68万,665.62万,20.09万,False,645.53万,3200.00万,False,5.52亿,,1.76亿,False,False,False,False,False,False,False,2979.56万,2.06亿,7.58亿,,2.59亿,36.36亿,False,False,1943.81万,-4490.38万,38.70亿,False,38.70亿,46.28亿
2013-12-31,,51.07亿,66.66亿,15.59亿,30.88亿,,,6.82亿,False,2.59亿,1.73亿,8605.21万,1393.31万,9339.96万,360.09万,8979.87万,5.86亿,3562.44万,6.82亿,16.70亿,,118.76万,False,2.44亿,False,False,800.40万,10.75亿,10.75亿,False,1.86亿,1.86亿,False,29.75亿,False,False,1.43亿,3.58亿,49.96亿,66.66亿,,5.73亿,False,1.48亿,False,1.48亿,766.53万,False,4831.48万,3.70亿,3301.34万,1125.93万,False,2175.40万,3776.16万,False,12.18亿,,1.80亿,False,False,False,False,8009.75万,4930.19万,2724.31万,False,3.41亿,15.59亿,,1.47亿,34.40亿,False,-4.44亿,3078.69万,-8745.40万,30.88亿,20.19亿,51.07亿,66.66亿
2013-09-30,,10.02亿,16.40亿,6.38亿,10.02亿,,,9345.17万,False,8715.31万,2631.81万,6083.50万,864.51万,238.81万,84.17万,154.64万,3.01亿,False,9345.17万,4.93亿,,False,False,8343.64万,False,False,False,2.84亿,2.84亿,False,2.87亿,2.87亿,False,1.34亿,False,False,72.05万,3.54亿,11.47亿,16.40亿,,3.29亿,False,4855.88万,False,4855.88万,758.32万,False,1215.55万,-2112.95万,329.02万,132.55万,False,196.46万,False,False,3.80亿,,2.30亿,False,False,False,False,False,False,False,2822.41万,2.58亿,6.38亿,,1.47亿,7.23亿,False,False,1943.81万,1.12亿,10.02亿,False,10.02亿,16.40亿
2013-06-30,,10.04亿,16.02亿,5.98亿,10.04亿,,,6676.69万,False,1.14亿,5896.74万,5480.49万,442.67万,250.11万,71.94万,178.18万,2.69亿,False,6676.69万,4.56亿,,False,False,8343.64万,False,False,False,2.85亿,2.85亿,False,2.86亿,2.86亿,False,1.33亿,False,False,68.12万,3.54亿,11.46亿,16.02亿,,2.90亿,False,4595.29万,False,4595.29万,600.80万,False,1114.87万,-1528.25万,249.60万,103.39万,False,146.21万,False,False,3.40亿,,2.30亿,False,False,False,False,False,False,False,2788.54万,2.58亿,5.98亿,,1.47亿,7.23亿,False,False,1943.81万,1.15亿,10.04亿,False,10.04亿,16.02亿
2013-03-31,,10.13亿,15.51亿,5.38亿,10.13亿,,,8847.01万,False,1.06亿,7932.94万,2709.60万,3.39亿,293.93万,89.83万,204.10万,2.26亿,False,8847.01万,7.63亿,,False,False,8328.12万,False,False,False,2.19亿,2.19亿,False,3.30亿,3.30亿,False,1.33亿,False,False,47.25万,1817.25万,7.88亿,15.51亿,,2.25亿,False,4130.12万,False,4130.12万,657.96万,False,1118.46万,-745.54万,247.08万,100.94万,False,146.14万,False,False,2.80亿,,2.30亿,False,False,False,False,False,False,False,2851.35万,2.59亿,5.38亿,,1.47亿,7.23亿,False,False,1943.81万,1.24亿,10.13亿,False,10.13亿,15.51亿
2012-12-31,,10.11亿,15.69亿,5.57亿,10.11亿,,,5.00亿,False,8939.01万,6335.91万,2603.10万,615.26万,368.02万,199.46万,168.56万,2.33亿,False,5.00亿,8.32亿,,False,False,8309.08万,False,False,False,2.02亿,2.02亿,False,3.00亿,3.00亿,False,1.32亿,False,False,44.36万,1566.04万,7.37亿,15.69亿,,2.47亿,False,4135.74万,False,4135.74万,574.96万,False,1308.63万,-1023.16万,184.37万,87.79万,False,96.58万,False,False,2.98亿,,2.30亿,False,False,False,False,False,False,False,2895.10万,2.59亿,5.57亿,,1.47亿,7.23亿,False,False,1943.81万,1.22亿,10.11亿,False,10.11亿,15.69亿
2012-09-30,,10.07亿,11.90亿,1.83亿,10.07亿,,,1.87亿,False,1.17亿,8507.27万,3225.84万,1023.89万,502.85万,285.86万,216.99万,2.00亿,False,1.87亿,5.20亿,,False,False,8268.26万,False,False,False,1.59亿,1.59亿,1300.00,2.89亿,2.89亿,False,1.32亿,False,False,30.69万,False,6.70亿,11.90亿,,9721.19万,False,3725.86万,False,3725.86万,1007.02万,False,1092.76万,-109.38万,288.33万,22.55万,132.19万,133.59万,False,False,1.57亿,,False,False,False,False,False,False,False,False,2538.57万,2538.57万,1.83亿,,1.47亿,7.23亿,False,False,1546.48万,1.22亿,10.07亿,False,10.07亿,11.90亿
2012-06-30,,9.91亿,11.01亿,1.10亿,9.91亿,,,2.02亿,False,1.29亿,1.02亿,2692.69万,6175.11万,627.70万,295.38万,332.31万,1.43亿,False,2.02亿,5.41亿,,False,False,8268.26万,False,False,False,1.60亿,1.60亿,1300.00,1.80亿,1.80亿,False,1.30亿,False,False,31.33万,False,5.60亿,11.01亿,,1886.53万,False,3501.24万,135.60万,3365.64万,899.35万,False,1122.22万,-106.00万,1158.58万,False,1069.36万,89.22万,False,False,8461.92万,,False,False,False,False,False,False,False,False,2508.80万,2508.80万,1.10亿,,1.47亿,7.23亿,False,False,1546.48万,1.06亿,9.91亿,False,9.91亿,11.01亿
2012-03-31,,9.92亿,11.07亿,1.15亿,9.92亿,,,2.89亿,False,1.03亿,7279.61万,3034.09万,4856.98万,783.18万,379.00万,404.18万,1.77亿,False,2.89亿,6.26亿,,False,False,8239.70万,False,False,False,1.63亿,1.63亿,1300.00,9692.12万,9692.12万,False,4468.98万,False,False,65.87万,8710.14万,4.81亿,11.07亿,,1436.77万,False,4104.35万,1181.50万,2922.85万,918.68万,False,934.24万,-88.50万,86.44万,False,False,86.44万,1500.00万,False,8891.97万,,False,False,False,False,False,False,False,False,2578.15万,2578.15万,1.15亿,,1.47亿,7.23亿,False,False,1546.48万,1.07亿,9.92亿,False,9.92亿,11.07亿
2011-12-31,,9.84亿,11.23亿,1.39亿,9.84亿,,,3.77亿,False,1.13亿,8581.94万,2690.75万,2084.79万,388.36万,236.28万,152.07万,1.84亿,False,3.77亿,6.99亿,,False,False,8239.70万,False,False,False,1.65亿,1.65亿,False,4884.69万,4884.69万,False,4373.38万,False,False,55.42万,7735.20万,4.24亿,11.23亿,,1436.77万,False,6034.93万,2543.41万,3491.52万,1022.77万,False,934.78万,261.79万,91.81万,11.80万,False,80.02万,1500.00万,False,1.13亿,,False,False,False,False,False,False,False,False,2567.50万,2567.50万,1.39亿,,1.47亿,7.23亿,False,False,1546.48万,9896.53万,9.84亿,False,9.84亿,11.23亿
2011-09-30,,9.76亿,11.08亿,1.32亿,9.76亿,,,4.10亿,False,1.31亿,1.00亿,3057.71万,3723.46万,916.16万,619.90万,296.26万,1.41亿,False,4.10亿,7.28亿,,False,False,8208.96万,False,False,False,9486.44万,9475.66万,10.78万,8032.19万,8032.19万,False,4522.93万,False,False,64.46万,7231.63万,3.80亿,11.08亿,,1848.34万,False,5675.72万,2842.15万,2833.56万,915.05万,False,994.14万,-232.87万,134.13万,False,False,134.13万,False,False,9334.51万,,1500.00万,False,False,False,False,False,False,False,2351.25万,3851.25万,1.32亿,,1.47亿,7.23亿,False,False,1161.00万,9484.36万,9.76亿,False,9.76亿,11.08亿
2011-06-30,,9.64亿,10.91亿,1.27亿,9.64亿,,,4.15亿,False,1.18亿,8154.53万,3683.95万,6073.72万,771.29万,386.31万,384.98万,1.17亿,False,4.15亿,7.19亿,,False,False,8208.96万,False,False,False,7299.68万,7268.52万,31.17万,9839.15万,9839.15万,False,4427.33万,False,False,80.34万,6992.95万,3.72亿,10.91亿,,1848.34万,False,5263.18万,665.61万,4597.57万,705.68万,False,946.84万,86.07万,23.67万,False,False,23.67万,False,False,8873.77万,,1500.00万,False,False,False,False,False,False,False,2358.00万,3858.00万,1.27亿,,1.47亿,7.23亿,False,False,1161.00万,8239.07万,9.64亿,False,9.64亿,10.91亿
2011-03-31,,9.63亿,10.45亿,8234.20万,9.63亿,,,5.04亿,False,1.06亿,5889.74万,4670.33万,1376.25万,873.93万,437.92万,436.01万,1.30亿,False,5.04亿,7.61亿,,False,False,2.00万,False,False,False,1.25亿,1.25亿,False,4263.23万,4263.23万,False,4454.30万,False,False,40.31万,6852.48万,2.84亿,10.45亿,,False,False,3186.05万,False,3186.05万,467.54万,False,847.76万,-246.53万,60.14万,False,False,60.14万,False,False,4314.95万,,1500.00万,False,False,False,False,False,False,False,2419.25万,3919.25万,8234.20万,,9800.00万,7.72亿,False,False,1161.00万,8123.66万,9.63亿,False,9.63亿,10.45亿
2010-12-31,,9.54亿,10.50亿,9579.97万,9.54亿,,,5.30亿,False,8933.12万,7262.40万,1670.72万,811.97万,441.92万,195.96万,245.96万,1.44亿,False,5.30亿,7.76亿,,False,False,2.00万,False,False,False,7616.28万,7616.28万,False,8254.16万,8254.16万,False,4481.27万,False,False,78.84万,6739.30万,2.74亿,10.50亿,,False,False,3369.71万,False,3369.71万,756.30万,False,663.66万,752.59万,57.21万,False,False,57.21万,False,False,5599.47万,,1500.00万,False,False,False,False,False,False,False,2480.50万,3980.50万,9579.97万,,9800.00万,7.72亿,False,False,1161.00万,7239.41万,9.54亿,False,9.54亿,10.50亿
2010-09-30,,9.44亿,11.04亿,1.60亿,9.44亿,,,6.69亿,False,5879.86万,2775.43万,3104.42万,3126.12万,287.85万,False,287.85万,1.03亿,False,6.69亿,8.65亿,,False,False,2.00万,False,False,False,6262.96万,6256.89万,6.07万,7018.90万,6315.55万,703.36万,4511.82万,False,False,78.23万,5884.35万,2.39亿,11.04亿,,3900.00万,False,3732.03万,False,3732.03万,477.79万,False,474.91万,-112.31万,473.58万,False,False,473.58万,False,False,8946.00万,,5000.00万,False,False,False,False,False,False,False,2032.63万,7032.63万,1.60亿,,9800.00万,7.72亿,False,False,822.44万,6614.88万,9.44亿,False,9.44亿,11.04亿
2010-06-30,,2.56亿,4.39亿,1.83亿,2.56亿,,,1884.29万,False,5499.76万,3468.83万,2030.92万,2358.51万,282.63万,False,282.63万,1.18亿,False,1884.29万,2.18亿,,False,False,2.00万,False,False,False,6480.61万,6480.61万,False,5628.52万,5628.52万,False,4535.22万,False,False,69.08万,5303.20万,2.21亿,4.39亿,,6450.00万,False,3649.11万,False,3649.11万,503.37万,False,493.26万,94.68万,25.14万,False,False,25.14万,False,False,1.12亿,,5000.00万,False,False,False,False,False,False,False,2068.75万,7068.75万,1.83亿,,7350.00万,1.19亿,False,False,822.44万,5592.20万,2.56亿,False,2.56亿,4.39亿
2009-12-31,,2.37亿,3.88亿,1.51亿,2.37亿,,,4534.95万,False,5041.20万,4508.66万,532.54万,2095.03万,124.30万,False,124.30万,8102.86万,False,4534.95万,1.99亿,,False,False,3.00万,False,False,False,6703.96万,6703.96万,False,2763.68万,2763.68万,False,4474.66万,False,2.40万,97.46万,4706.81万,1.89亿,3.88亿,,5850.00万,False,1219.80万,False,1219.80万,222.90万,False,317.44万,293.26万,37.03万,False,False,37.03万,False,False,7940.43万,,5000.00万,False,False,False,False,False,False,False,2141.00万,7141.00万,1.51亿,,7350.00万,1.19亿,False,False,822.44万,3689.56万,2.37亿,False,2.37亿,3.88亿
2008-12-31,,2.46亿,3.70亿,1.24亿,2.38亿,,,5346.92万,False,2984.54万,2311.77万,672.77万,714.77万,72.55万,False,72.55万,1.10亿,False,5346.92万,2.01亿,,False,False,3.00万,False,False,False,7048.45万,7048.45万,False,1293.86万,1293.86万,False,4575.14万,False,8.36万,194.07万,3740.50万,1.69亿,3.70亿,,7380.00万,False,1073.60万,False,1073.60万,243.03万,False,252.32万,-181.20万,2047.08万,False,False,2047.08万,False,False,1.08亿,,False,False,False,False,False,False,False,False,1605.50万,1605.50万,1.24亿,,7350.00万,1.19亿,False,False,482.96万,4057.05万,2.38亿,803.23万,2.46亿,3.70亿
2007-12-31,,1.79亿,2.89亿,1.10亿,1.80亿,,,3668.42万,False,2959.20万,2737.44万,221.76万,636.89万,69.54万,False,69.54万,9861.35万,False,3668.42万,1.72亿,,False,False,3.00万,False,False,False,7029.57万,7029.57万,False,False,False,False,4526.20万,False,False,136.37万,False,1.17亿,2.89亿,,3580.00万,False,3424.50万,False,3424.50万,647.89万,False,448.14万,612.85万,1857.82万,False,False,1857.82万,False,False,1.06亿,,False,False,False,False,False,False,False,False,450.00万,450.00万,1.10亿,,7200.00万,1.06亿,False,False,30.02万,117.03万,1.80亿,-92.55万,1.79亿,2.89亿
